execve("./junction_run", ["./junction_run", "./caladan_test.config", "--interpreter_path", "./glibc/ld.so", "--glibc_path", "./glibc/", "--", "/usr/bin/echo", "123"], 0x7fff77a081f0 /* 26 vars */) = 0
brk(NULL)                               = 0x64950ac62000
mmap(NULL, 8192, PROT_READ|PROT_WRITE, MAP_PRIVATE|MAP_ANONYMOUS, -1, 0) = 0x7e4fa2649000
access("/etc/ld.so.preload", R_OK)      = -1 ENOENT (No such file or directory)
openat(AT_FDCWD, "/etc/ld.so.cache", O_RDONLY|O_CLOEXEC) = 3
fstat(3, {st_mode=S_IFREG|0644, st_size=23363, ...}) = 0
mmap(NULL, 23363, PROT_READ, MAP_PRIVATE, 3, 0) = 0x7e4fa2643000
close(3)                                = 0
openat(AT_FDCWD, "/lib/x86_64-linux-gnu/libnl-3.so.200", O_RDONLY|O_CLOEXEC) = 3
read(3, "\177ELF\2\1\1\0\0\0\0\0\0\0\0\0\3\0>\0\1\0\0\0\0\0\0\0\0\0\0\0"..., 832) = 832
fstat(3, {st_mode=S_IFREG|0644, st_size=133944, ...}) = 0
mmap(NULL, 136224, PROT_READ, MAP_PRIVATE|MAP_DENYWRITE, 3, 0) = 0x7e4fa2621000
mmap(0x7e4fa2629000, 61440, PROT_READ|PROT_EXEC, MAP_PRIVATE|MAP_FIXED|MAP_DENYWRITE, 3, 0x8000) = 0x7e4fa2629000
mmap(0x7e4fa2638000, 32768, PROT_READ, MAP_PRIVATE|MAP_FIXED|MAP_DENYWRITE, 3, 0x17000) = 0x7e4fa2638000
mmap(0x7e4fa2640000, 12288, PROT_READ|PROT_WRITE, MAP_PRIVATE|MAP_FIXED|MAP_DENYWRITE, 3, 0x1e000) = 0x7e4fa2640000
close(3)                                = 0
openat(AT_FDCWD, "/lib/x86_64-linux-gnu/libnl-route-3.so.200", O_RDONLY|O_CLOEXEC) = 3
read(3, "\177ELF\2\1\1\0\0\0\0\0\0\0\0\0\3\0>\0\1\0\0\0\0\0\0\0\0\0\0\0"..., 832) = 832
fstat(3, {st_mode=S_IFREG|0644, st_size=575344, ...}) = 0
mmap(NULL, 582080, PROT_READ, MAP_PRIVATE|MAP_DENYWRITE, 3, 0) = 0x7e4fa2592000
mmap(0x7e4fa25af000, 290816, PROT_READ|PROT_EXEC, MAP_PRIVATE|MAP_FIXED|MAP_DENYWRITE, 3, 0x1d000) = 0x7e4fa25af000
mmap(0x7e4fa25f6000, 131072, PROT_READ, MAP_PRIVATE|MAP_FIXED|MAP_DENYWRITE, 3, 0x64000) = 0x7e4fa25f6000
mmap(0x7e4fa2616000, 32768, PROT_READ|PROT_WRITE, MAP_PRIVATE|MAP_FIXED|MAP_DENYWRITE, 3, 0x84000) = 0x7e4fa2616000
mmap(0x7e4fa261e000, 8640, PROT_READ|PROT_WRITE, MAP_PRIVATE|MAP_FIXED|MAP_ANONYMOUS, -1, 0) = 0x7e4fa261e000
close(3)                                = 0
openat(AT_FDCWD, "/lib/x86_64-linux-gnu/libboost_program_options.so.1.83.0", O_RDONLY|O_CLOEXEC) = 3
read(3, "\177ELF\2\1\1\0\0\0\0\0\0\0\0\0\3\0>\0\1\0\0\0\0\0\0\0\0\0\0\0"..., 832) = 832
fstat(3, {st_mode=S_IFREG|0644, st_size=264376, ...}) = 0
mmap(NULL, 266632, PROT_READ, MAP_PRIVATE|MAP_DENYWRITE, 3, 0) = 0x7e4fa2550000
mmap(0x7e4fa255f000, 147456, PROT_READ|PROT_EXEC, MAP_PRIVATE|MAP_FIXED|MAP_DENYWRITE, 3, 0xf000) = 0x7e4fa255f000
mmap(0x7e4fa2583000, 45056, PROT_READ, MAP_PRIVATE|MAP_FIXED|MAP_DENYWRITE, 3, 0x33000) = 0x7e4fa2583000
mmap(0x7e4fa258e000, 16384, PROT_READ|PROT_WRITE, MAP_PRIVATE|MAP_FIXED|MAP_DENYWRITE, 3, 0x3d000) = 0x7e4fa258e000
close(3)                                = 0
openat(AT_FDCWD, "/lib/x86_64-linux-gnu/libstdc++.so.6", O_RDONLY|O_CLOEXEC) = 3
read(3, "\177ELF\2\1\1\3\0\0\0\0\0\0\0\0\3\0>\0\1\0\0\0\0\0\0\0\0\0\0\0"..., 832) = 832
fstat(3, {st_mode=S_IFREG|0644, st_size=2592224, ...}) = 0
mmap(NULL, 2609472, PROT_READ, MAP_PRIVATE|MAP_DENYWRITE, 3, 0) = 0x7e4fa2200000
mmap(0x7e4fa229d000, 1343488, PROT_READ|PROT_EXEC, MAP_PRIVATE|MAP_FIXED|MAP_DENYWRITE, 3, 0x9d000) = 0x7e4fa229d000
mmap(0x7e4fa23e5000, 552960, PROT_READ, MAP_PRIVATE|MAP_FIXED|MAP_DENYWRITE, 3, 0x1e5000) = 0x7e4fa23e5000
mmap(0x7e4fa246c000, 57344, PROT_READ|PROT_WRITE, MAP_PRIVATE|MAP_FIXED|MAP_DENYWRITE, 3, 0x26b000) = 0x7e4fa246c000
mmap(0x7e4fa247a000, 12608, PROT_READ|PROT_WRITE, MAP_PRIVATE|MAP_FIXED|MAP_ANONYMOUS, -1, 0) = 0x7e4fa247a000
close(3)                                = 0
openat(AT_FDCWD, "/lib/x86_64-linux-gnu/libgcc_s.so.1", O_RDONLY|O_CLOEXEC) = 3
read(3, "\177ELF\2\1\1\0\0\0\0\0\0\0\0\0\3\0>\0\1\0\0\0\0\0\0\0\0\0\0\0"..., 832) = 832
fstat(3, {st_mode=S_IFREG|0644, st_size=183024, ...}) = 0
mmap(NULL, 185256, PROT_READ, MAP_PRIVATE|MAP_DENYWRITE, 3, 0) = 0x7e4fa2522000
mmap(0x7e4fa2526000, 147456, PROT_READ|PROT_EXEC, MAP_PRIVATE|MAP_FIXED|MAP_DENYWRITE, 3, 0x4000) = 0x7e4fa2526000
mmap(0x7e4fa254a000, 16384, PROT_READ, MAP_PRIVATE|MAP_FIXED|MAP_DENYWRITE, 3, 0x28000) = 0x7e4fa254a000
mmap(0x7e4fa254e000, 8192, PROT_READ|PROT_WRITE, MAP_PRIVATE|MAP_FIXED|MAP_DENYWRITE, 3, 0x2b000) = 0x7e4fa254e000
close(3)                                = 0
openat(AT_FDCWD, "/lib/x86_64-linux-gnu/libc.so.6", O_RDONLY|O_CLOEXEC) = 3
read(3, "\177ELF\2\1\1\3\0\0\0\0\0\0\0\0\3\0>\0\1\0\0\0\220\243\2\0\0\0\0\0"..., 832) = 832
pread64(3, "\6\0\0\0\4\0\0\0@\0\0\0\0\0\0\0@\0\0\0\0\0\0\0@\0\0\0\0\0\0\0"..., 784, 64) = 784
fstat(3, {st_mode=S_IFREG|0755, st_size=2125328, ...}) = 0
mmap(NULL, 8192, PROT_READ|PROT_WRITE, MAP_PRIVATE|MAP_ANONYMOUS, -1, 0) = 0x7e4fa2520000
pread64(3, "\6\0\0\0\4\0\0\0@\0\0\0\0\0\0\0@\0\0\0\0\0\0\0@\0\0\0\0\0\0\0"..., 784, 64) = 784
mmap(NULL, 2170256, PROT_READ, MAP_PRIVATE|MAP_DENYWRITE, 3, 0) = 0x7e4fa1e00000
mmap(0x7e4fa1e28000, 1605632, PROT_READ|PROT_EXEC, MAP_PRIVATE|MAP_FIXED|MAP_DENYWRITE, 3, 0x28000) = 0x7e4fa1e28000
mmap(0x7e4fa1fb0000, 323584, PROT_READ, MAP_PRIVATE|MAP_FIXED|MAP_DENYWRITE, 3, 0x1b0000) = 0x7e4fa1fb0000
mmap(0x7e4fa1fff000, 24576, PROT_READ|PROT_WRITE, MAP_PRIVATE|MAP_FIXED|MAP_DENYWRITE, 3, 0x1fe000) = 0x7e4fa1fff000
mmap(0x7e4fa2005000, 52624, PROT_READ|PROT_WRITE, MAP_PRIVATE|MAP_FIXED|MAP_ANONYMOUS, -1, 0) = 0x7e4fa2005000
close(3)                                = 0
openat(AT_FDCWD, "/lib/x86_64-linux-gnu/libm.so.6", O_RDONLY|O_CLOEXEC) = 3
read(3, "\177ELF\2\1\1\3\0\0\0\0\0\0\0\0\3\0>\0\1\0\0\0\0\0\0\0\0\0\0\0"..., 832) = 832
fstat(3, {st_mode=S_IFREG|0644, st_size=952616, ...}) = 0
mmap(NULL, 950296, PROT_READ, MAP_PRIVATE|MAP_DENYWRITE, 3, 0) = 0x7e4fa2117000
mmap(0x7e4fa2127000, 520192, PROT_READ|PROT_EXEC, MAP_PRIVATE|MAP_FIXED|MAP_DENYWRITE, 3, 0x10000) = 0x7e4fa2127000
mmap(0x7e4fa21a6000, 360448, PROT_READ, MAP_PRIVATE|MAP_FIXED|MAP_DENYWRITE, 3, 0x8f000) = 0x7e4fa21a6000
mmap(0x7e4fa21fe000, 8192, PROT_READ|PROT_WRITE, MAP_PRIVATE|MAP_FIXED|MAP_DENYWRITE, 3, 0xe7000) = 0x7e4fa21fe000
close(3)                                = 0
mmap(NULL, 8192, PROT_READ|PROT_WRITE, MAP_PRIVATE|MAP_ANONYMOUS, -1, 0) = 0x7e4fa251e000
arch_prctl(ARCH_SET_FS, 0x7e4fa251f2c0) = 0
set_tid_address(0x7e4fa251f590)         = 9267
set_robust_list(0x7e4fa251f5a0, 24)     = 0
rseq(0x7e4fa251fbe0, 0x20, 0, 0x53053053) = 0
mprotect(0x7e4fa1fff000, 16384, PROT_READ) = 0
mprotect(0x7e4fa21fe000, 4096, PROT_READ) = 0
mprotect(0x7e4fa254e000, 4096, PROT_READ) = 0
mmap(NULL, 8192, PROT_READ|PROT_WRITE, MAP_PRIVATE|MAP_ANONYMOUS, -1, 0) = 0x7e4fa251c000
mprotect(0x7e4fa246c000, 45056, PROT_READ) = 0
mprotect(0x7e4fa258e000, 12288, PROT_READ) = 0
mprotect(0x7e4fa2640000, 8192, PROT_READ) = 0
mprotect(0x7e4fa2616000, 12288, PROT_READ) = 0
mprotect(0x6494dc2a8000, 32768, PROT_READ) = 0
mprotect(0x7e4fa2681000, 8192, PROT_READ) = 0
prlimit64(0, RLIMIT_STACK, NULL, {rlim_cur=8192*1024, rlim_max=RLIM64_INFINITY}) = 0
munmap(0x7e4fa2643000, 23363)           = 0
futex(0x7e4fa247a7bc, FUTEX_WAKE_PRIVATE, 2147483647) = 0
getrandom("\x7a\xd3\x52\x17\xc5\x2c\xa4\x85", 8, GRND_NONBLOCK) = 8
brk(NULL)                               = 0x64950ac62000
brk(0x64950ac83000)                     = 0x64950ac83000
newfstatat(AT_FDCWD, "/etc/libnl/classid", 0x7ffd7c55e840, 0) = -1 ENOENT (No such file or directory)
openat(AT_FDCWD, "/etc/libnl/classid", O_RDONLY|O_CLOEXEC) = -1 ENOENT (No such file or directory)
shmget(0x696e666f, 4096, 000)           = 16
shmat(16, NULL, SHM_RDONLY)             = 0x7e4fa2648000
mmap(NULL, 4096, PROT_READ|PROT_WRITE, MAP_PRIVATE|MAP_ANONYMOUS|MAP_POPULATE, -1, 0) = 0x7e4fa2647000
arch_prctl(ARCH_SET_GS, 0x19bac6488480) = 0
writev(1, [{iov_base="CPU 00| <5> thread: created thre"..., iov_len=37}], 1) = 37
openat(AT_FDCWD, "/sys/devices/system/node/online", O_RDONLY) = 3
fstat(3, {st_mode=S_IFREG|0444, st_size=4096, ...}) = 0
read(3, "0\n", 4096)                    = 2
close(3)                                = 0
openat(AT_FDCWD, "/sys/devices/system/cpu/online", O_RDONLY) = 3
fstat(3, {st_mode=S_IFREG|0444, st_size=4096, ...}) = 0
read(3, "0-3\n", 4096)                  = 4
close(3)                                = 0
openat(AT_FDCWD, "/sys/devices/system/cpu/cpu0/topology/physical_package_id", O_RDONLY) = 3
fstat(3, {st_mode=S_IFREG|0444, st_size=4096, ...}) = 0
read(3, "0\n", 4096)                    = 2
close(3)                                = 0
openat(AT_FDCWD, "/sys/devices/system/cpu/cpu0/topology/core_siblings_list", O_RDONLY) = 3
fstat(3, {st_mode=S_IFREG|0444, st_size=28672, ...}) = 0
read(3, "0-3\n", 4096)                  = 4
close(3)                                = 0
openat(AT_FDCWD, "/sys/devices/system/cpu/cpu0/topology/thread_siblings_list", O_RDONLY) = 3
fstat(3, {st_mode=S_IFREG|0444, st_size=28672, ...}) = 0
read(3, "0\n", 4096)                    = 2
close(3)                                = 0
openat(AT_FDCWD, "/sys/devices/system/cpu/cpu1/topology/physical_package_id", O_RDONLY) = 3
fstat(3, {st_mode=S_IFREG|0444, st_size=4096, ...}) = 0
read(3, "0\n", 4096)                    = 2
close(3)                                = 0
openat(AT_FDCWD, "/sys/devices/system/cpu/cpu1/topology/core_siblings_list", O_RDONLY) = 3
fstat(3, {st_mode=S_IFREG|0444, st_size=28672, ...}) = 0
read(3, "0-3\n", 4096)                  = 4
close(3)                                = 0
openat(AT_FDCWD, "/sys/devices/system/cpu/cpu1/topology/thread_siblings_list", O_RDONLY) = 3
fstat(3, {st_mode=S_IFREG|0444, st_size=28672, ...}) = 0
read(3, "1\n", 4096)                    = 2
close(3)                                = 0
openat(AT_FDCWD, "/sys/devices/system/cpu/cpu2/topology/physical_package_id", O_RDONLY) = 3
fstat(3, {st_mode=S_IFREG|0444, st_size=4096, ...}) = 0
read(3, "0\n", 4096)                    = 2
close(3)                                = 0
openat(AT_FDCWD, "/sys/devices/system/cpu/cpu2/topology/core_siblings_list", O_RDONLY) = 3
fstat(3, {st_mode=S_IFREG|0444, st_size=28672, ...}) = 0
read(3, "0-3\n", 4096)                  = 4
close(3)                                = 0
openat(AT_FDCWD, "/sys/devices/system/cpu/cpu2/topology/thread_siblings_list", O_RDONLY) = 3
fstat(3, {st_mode=S_IFREG|0444, st_size=28672, ...}) = 0
read(3, "2\n", 4096)                    = 2
close(3)                                = 0
openat(AT_FDCWD, "/sys/devices/system/cpu/cpu3/topology/physical_package_id", O_RDONLY) = 3
fstat(3, {st_mode=S_IFREG|0444, st_size=4096, ...}) = 0
read(3, "0\n", 4096)                    = 2
close(3)                                = 0
openat(AT_FDCWD, "/sys/devices/system/cpu/cpu3/topology/core_siblings_list", O_RDONLY) = 3
fstat(3, {st_mode=S_IFREG|0444, st_size=28672, ...}) = 0
read(3, "0-3\n", 4096)                  = 4
close(3)                                = 0
openat(AT_FDCWD, "/sys/devices/system/cpu/cpu3/topology/thread_siblings_list", O_RDONLY) = 3
fstat(3, {st_mode=S_IFREG|0444, st_size=28672, ...}) = 0
read(3, "3\n", 4096)                    = 2
close(3)                                = 0
writev(1, [{iov_base="CPU 02| <5> cpu: detected 4 core"..., iov_len=43}], 1) = 43
mmap(NULL, 10485759, PROT_NONE, MAP_PRIVATE|MAP_ANONYMOUS, -1, 0) = 0x7e4fa1400000
mmap(0x7e4fa1400000, 2097152, PROT_READ|PROT_WRITE, MAP_PRIVATE|MAP_FIXED|MAP_ANONYMOUS|MAP_POPULATE|MAP_HUGETLB|21<<MAP_HUGE_SHIFT, -1, 0) = 0x7e4fa1400000
mmap(0x100000000000, 2097152, PROT_READ|PROT_WRITE, MAP_PRIVATE|MAP_FIXED|MAP_ANONYMOUS|MAP_POPULATE|MAP_HUGETLB|21<<MAP_HUGE_SHIFT, -1, 0) = 0x100000000000
writev(1, [{iov_base="[  0.000643] CPU 00| <5> loading"..., iov_len=76}], 1) = 76
openat(AT_FDCWD, "./caladan_test.config", O_RDONLY) = 3
fstat(3, {st_mode=S_IFREG|0644, st_size=196, ...}) = 0
read(3, "host_addr 192.168.127.7\nhost_net"..., 4096) = 196
read(3, "", 4096)                       = 0
writev(1, [{iov_base="[  0.000954] CPU 02| <5> cfg: pr"..., iov_len=90}], 1) = 90
writev(1, [{iov_base="[  0.001019] CPU 00| <5> cfg: ta"..., iov_len=60}], 1) = 60
writev(1, [{iov_base="[  0.001098] CPU 00| <5> cfg: TH"..., iov_len=76}], 1) = 76
writev(1, [{iov_base="[  0.001158] CPU 00| <5> cfg: st"..., iov_len=68}], 1) = 68
close(3)                                = 0
getpid()                                = 9267
writev(1, [{iov_base="[  0.001338] CPU 02| <5> process"..., iov_len=43}], 1) = 43
openat(AT_FDCWD, "/dev/ksched", O_RDWR) = 3
shmget(0x696d736b, 536870912, 000)      = 15
shmat(15, NULL, SHM_RDONLY)             = 0x7e4f81400000
shmget(0xbc3dfbc2, 69206016, IPC_CREAT|IPC_EXCL|SHM_HUGETLB|21<<SHM_HUGE_SHIFT|0744) = 20
shmat(20, NULL, 0)                      = 0x7e4f7d200000
writev(1, [{iov_base="[  0.010570] CPU 00| <5> shm: us"..., iov_len=51}], 1) = 51
rt_sigaction(SIGUSR1, {sa_handler=0x6494dbff1820, sa_mask=[], sa_flags=SA_RESTORER|SA_NODEFER|SA_SIGINFO, sa_restorer=0x6494dc158c00}, NULL, 8) = 0
rt_sigaction(SIGUSR2, {sa_handler=0x6494dbff2ae0, sa_mask=[], sa_flags=SA_RESTORER|SA_NODEFER|SA_SIGINFO, sa_restorer=0x6494dc158c00}, NULL, 8) = 0
ioctl(3, _IOC(_IOC_NONE, 0xf0, 0x5, 0), 0x6494dc158b60) = -1 ENODEV (No such device)
writev(1, [{iov_base="[  0.010873] CPU 02| <2> uintr: "..., iov_len=44}], 1) = 44
writev(1, [{iov_base="[  0.010949] CPU 00| <5> net: st"..., iov_len=52}], 1) = 52
writev(1, [{iov_base="[  0.011005] CPU 00| <5> net: us"..., iov_len=65}], 1) = 65
writev(1, [{iov_base="[  0.011069] CPU 02| <5>   addr:"..., iov_len=47}], 1) = 47
writev(1, [{iov_base="[  0.011137] CPU 02| <5>   netma"..., iov_len=50}], 1) = 50
writev(1, [{iov_base="[  0.011196] CPU 00| <5>   gatew"..., iov_len=50}], 1) = 50
writev(1, [{iov_base="[  0.011254] CPU 00| <5>   mac:\t"..., iov_len=51}], 1) = 51
writev(1, [{iov_base="[  0.011398] CPU 02| <5>   mtu:\t"..., iov_len=38}], 1) = 38
mmap(NULL, 163840, PROT_READ|PROT_WRITE, MAP_PRIVATE|MAP_ANONYMOUS, -1, 0) = 0x7e4fa24f4000
mmap(NULL, 1052672, PROT_READ|PROT_WRITE, MAP_PRIVATE|MAP_ANONYMOUS, -1, 0) = 0x7e4fa2016000
gettid()                                = 9267
mmap(0x200000000000, 1048576, PROT_READ|PROT_WRITE, MAP_PRIVATE|MAP_ANONYMOUS, -1, 0) = 0x200000000000
mprotect(0x200000000000, 524288, PROT_NONE) = 0
mmap(0x200000100000, 1048576, PROT_READ|PROT_WRITE, MAP_PRIVATE|MAP_ANONYMOUS, -1, 0) = 0x200000100000
mprotect(0x200000100000, 524288, PROT_NONE) = 0
mmap(0x200000200000, 1048576, PROT_READ|PROT_WRITE, MAP_PRIVATE|MAP_ANONYMOUS, -1, 0) = 0x200000200000
mprotect(0x200000200000, 524288, PROT_NONE) = 0
mmap(0x200000300000, 1048576, PROT_READ|PROT_WRITE, MAP_PRIVATE|MAP_ANONYMOUS, -1, 0) = 0x200000300000
mprotect(0x200000300000, 524288, PROT_NONE) = 0
mmap(0x200000400000, 1048576, PROT_READ|PROT_WRITE, MAP_PRIVATE|MAP_ANONYMOUS, -1, 0) = 0x200000400000
mprotect(0x200000400000, 524288, PROT_NONE) = 0
mmap(0x200000500000, 1048576, PROT_READ|PROT_WRITE, MAP_PRIVATE|MAP_ANONYMOUS, -1, 0) = 0x200000500000
mprotect(0x200000500000, 524288, PROT_NONE) = 0
mmap(0x200000600000, 1048576, PROT_READ|PROT_WRITE, MAP_PRIVATE|MAP_ANONYMOUS, -1, 0) = 0x200000600000
mprotect(0x200000600000, 524288, PROT_NONE) = 0
mmap(0x200000700000, 1048576, PROT_READ|PROT_WRITE, MAP_PRIVATE|MAP_ANONYMOUS, -1, 0) = 0x200000700000
mprotect(0x200000700000, 524288, PROT_NONE) = 0
mmap(0x200000800000, 1048576, PROT_READ|PROT_WRITE, MAP_PRIVATE|MAP_ANONYMOUS, -1, 0) = 0x200000800000
mprotect(0x200000800000, 524288, PROT_NONE) = 0
mmap(0x200000900000, 1048576, PROT_READ|PROT_WRITE, MAP_PRIVATE|MAP_ANONYMOUS, -1, 0) = 0x200000900000
mprotect(0x200000900000, 524288, PROT_NONE) = 0
mmap(0x200000a00000, 1048576, PROT_READ|PROT_WRITE, MAP_PRIVATE|MAP_ANONYMOUS, -1, 0) = 0x200000a00000
mprotect(0x200000a00000, 524288, PROT_NONE) = 0
mmap(0x200000b00000, 1048576, PROT_READ|PROT_WRITE, MAP_PRIVATE|MAP_ANONYMOUS, -1, 0) = 0x200000b00000
mprotect(0x200000b00000, 524288, PROT_NONE) = 0
mmap(0x200000c00000, 1048576, PROT_READ|PROT_WRITE, MAP_PRIVATE|MAP_ANONYMOUS, -1, 0) = 0x200000c00000
mprotect(0x200000c00000, 524288, PROT_NONE) = 0
mmap(0x200000d00000, 1048576, PROT_READ|PROT_WRITE, MAP_PRIVATE|MAP_ANONYMOUS, -1, 0) = 0x200000d00000
mprotect(0x200000d00000, 524288, PROT_NONE) = 0
mmap(0x200000e00000, 1048576, PROT_READ|PROT_WRITE, MAP_PRIVATE|MAP_ANONYMOUS, -1, 0) = 0x200000e00000
mprotect(0x200000e00000, 524288, PROT_NONE) = 0
mmap(0x200000f00000, 1048576, PROT_READ|PROT_WRITE, MAP_PRIVATE|MAP_ANONYMOUS, -1, 0) = 0x200000f00000
mprotect(0x200000f00000, 524288, PROT_NONE) = 0
mmap(0x200001000000, 1048576, PROT_READ|PROT_WRITE, MAP_PRIVATE|MAP_ANONYMOUS, -1, 0) = 0x200001000000
mprotect(0x200001000000, 524288, PROT_NONE) = 0
mmap(0x200001100000, 1048576, PROT_READ|PROT_WRITE, MAP_PRIVATE|MAP_ANONYMOUS, -1, 0) = 0x200001100000
mprotect(0x200001100000, 524288, PROT_NONE) = 0
mmap(0x200001200000, 1048576, PROT_READ|PROT_WRITE, MAP_PRIVATE|MAP_ANONYMOUS, -1, 0) = 0x200001200000
mprotect(0x200001200000, 524288, PROT_NONE) = 0
mmap(0x200001300000, 1048576, PROT_READ|PROT_WRITE, MAP_PRIVATE|MAP_ANONYMOUS, -1, 0) = 0x200001300000
mprotect(0x200001300000, 524288, PROT_NONE) = 0
mmap(0x200001400000, 1048576, PROT_READ|PROT_WRITE, MAP_PRIVATE|MAP_ANONYMOUS, -1, 0) = 0x200001400000
mprotect(0x200001400000, 524288, PROT_NONE) = 0
mmap(0x200001500000, 1048576, PROT_READ|PROT_WRITE, MAP_PRIVATE|MAP_ANONYMOUS, -1, 0) = 0x200001500000
mprotect(0x200001500000, 524288, PROT_NONE) = 0
mmap(0x200001600000, 1048576, PROT_READ|PROT_WRITE, MAP_PRIVATE|MAP_ANONYMOUS, -1, 0) = 0x200001600000
mprotect(0x200001600000, 524288, PROT_NONE) = 0
mmap(0x200001700000, 1048576, PROT_READ|PROT_WRITE, MAP_PRIVATE|MAP_ANONYMOUS, -1, 0) = 0x200001700000
mprotect(0x200001700000, 524288, PROT_NONE) = 0
mmap(0x200001800000, 1048576, PROT_READ|PROT_WRITE, MAP_PRIVATE|MAP_ANONYMOUS, -1, 0) = 0x200001800000
mprotect(0x200001800000, 524288, PROT_NONE) = 0
mmap(0x200001900000, 1048576, PROT_READ|PROT_WRITE, MAP_PRIVATE|MAP_ANONYMOUS, -1, 0) = 0x200001900000
mprotect(0x200001900000, 524288, PROT_NONE) = 0
mmap(0x200001a00000, 1048576, PROT_READ|PROT_WRITE, MAP_PRIVATE|MAP_ANONYMOUS, -1, 0) = 0x200001a00000
mprotect(0x200001a00000, 524288, PROT_NONE) = 0
mmap(0x200001b00000, 1048576, PROT_READ|PROT_WRITE, MAP_PRIVATE|MAP_ANONYMOUS, -1, 0) = 0x200001b00000
mprotect(0x200001b00000, 524288, PROT_NONE) = 0
mmap(0x200001c00000, 1048576, PROT_READ|PROT_WRITE, MAP_PRIVATE|MAP_ANONYMOUS, -1, 0) = 0x200001c00000
mprotect(0x200001c00000, 524288, PROT_NONE) = 0
mmap(0x200001d00000, 1048576, PROT_READ|PROT_WRITE, MAP_PRIVATE|MAP_ANONYMOUS, -1, 0) = 0x200001d00000
mprotect(0x200001d00000, 524288, PROT_NONE) = 0
mmap(0x200001e00000, 1048576, PROT_READ|PROT_WRITE, MAP_PRIVATE|MAP_ANONYMOUS, -1, 0) = 0x200001e00000
mprotect(0x200001e00000, 524288, PROT_NONE) = 0
mmap(0x200001f00000, 1048576, PROT_READ|PROT_WRITE, MAP_PRIVATE|MAP_ANONYMOUS, -1, 0) = 0x200001f00000
mprotect(0x200001f00000, 524288, PROT_NONE) = 0
sigaltstack({ss_sp=0x200000080000, ss_flags=0, ss_size=524288}, NULL) = 0
brk(0x64950acaa000)                     = 0x64950acaa000
writev(1, [{iov_base="[  0.015930] CPU 02| <5> spawnin"..., iov_len=45}], 1) = 45
futex(0x6494dc384ac4, FUTEX_WAKE_PRIVATE, 2147483647) = 0
socket(AF_UNIX, SOCK_STREAM, 0)         = 4
connect(4, {sa_family=AF_UNIX, sun_path=@"/control/iokernel.sock\0"}, 26) = 0
write(4, "\302\373=\274", 4)            = 4
write(4, "\0\0 \4\0\0\0\0", 8)          = 8
futex(0x6494dc384ac4, FUTEX_WAKE_PRIVATE, 2147483647) = 0
ioctl(3, _IOC(_IOC_NONE, 0xf0, 0x1, 0), 0) = 2
writev(1, [{iov_base="[  0.016644] CPU 02| <5> Initial"..., iov_len=47}], 1) = 47
writev(1, [{iov_base="[  0.016788] CPU 02| <5> cfg: ch"..., iov_len=46}], 1) = 46
writev(1, [{iov_base="[  0.016888] CPU 02| <5> cfg: fs"..., iov_len=48}], 1) = 48
writev(1, [{iov_base="[  0.016989] CPU 02| <5> cfg: in"..., iov_len=63}], 1) = 63
writev(1, [{iov_base="[  0.017082] CPU 02| <5> cfg: gl"..., iov_len=52}], 1) = 52
writev(1, [{iov_base="[  0.017168] CPU 02| <5> cfg: ld"..., iov_len=41}], 1) = 41
writev(1, [{iov_base="[  0.017260] CPU 02| <5> cfg: ld"..., iov_len=44}], 1) = 44
getpid()                                = 9267
rt_sigaction(SIGILL, {sa_handler=0x6494dc128b17, sa_mask=[], sa_flags=SA_RESTORER|SA_ONSTACK|SA_NODEFER|SA_SIGINFO, sa_restorer=0x6494dc158c00}, NULL, 8) = 0
rt_sigaction(SIGTRAP, {sa_handler=0x6494dc128b17, sa_mask=[], sa_flags=SA_RESTORER|SA_ONSTACK|SA_NODEFER|SA_SIGINFO, sa_restorer=0x6494dc158c00}, NULL, 8) = 0
rt_sigaction(SIGBUS, {sa_handler=0x6494dc128b17, sa_mask=[], sa_flags=SA_RESTORER|SA_ONSTACK|SA_NODEFER|SA_SIGINFO, sa_restorer=0x6494dc158c00}, NULL, 8) = 0
rt_sigaction(SIGFPE, {sa_handler=0x6494dc128b17, sa_mask=[], sa_flags=SA_RESTORER|SA_ONSTACK|SA_NODEFER|SA_SIGINFO, sa_restorer=0x6494dc158c00}, NULL, 8) = 0
rt_sigaction(SIGSEGV, {sa_handler=0x6494dc128b17, sa_mask=[], sa_flags=SA_RESTORER|SA_ONSTACK|SA_NODEFER|SA_SIGINFO, sa_restorer=0x6494dc158c00}, NULL, 8) = 0
rt_sigaction(SIGUSR1, {sa_handler=0x6494dc127eee, sa_mask=[], sa_flags=SA_RESTORER|SA_ONSTACK|SA_NODEFER|SA_SIGINFO, sa_restorer=0x6494dc158c00}, NULL, 8) = 0
rt_sigaction(SIGUSR2, {sa_handler=0x6494dc127eee, sa_mask=[], sa_flags=SA_RESTORER|SA_ONSTACK|SA_NODEFER|SA_SIGINFO, sa_restorer=0x6494dc158c00}, NULL, 8) = 0
rt_sigaction(SIGURG, {sa_handler=0x6494dc127eee, sa_mask=[], sa_flags=SA_RESTORER|SA_ONSTACK|SA_NODEFER|SA_SIGINFO, sa_restorer=0x6494dc158c00}, NULL, 8) = 0
mmap(0x200000, 3648, PROT_READ|PROT_WRITE, MAP_PRIVATE|MAP_FIXED|MAP_ANONYMOUS, -1, 0) = 0x200000
openat(AT_FDCWD, "/", O_RDONLY|O_PATH)  = 5
statfs("/", {f_type=EXT2_SUPER_MAGIC, f_bsize=4096, f_blocks=65621956, f_bfree=64881106, f_bavail=64877010, f_files=33882112, f_ffree=33741460, f_fsid={val=[0xcb3c48e9, 0x8614772c]}, f_namelen=255, f_frsize=4096, f_flags=ST_VALID|ST_RELATIME}) = 0
newfstatat(AT_FDCWD, "/", {st_mode=S_IFDIR|0755, st_size=4096, ...}, AT_EMPTY_PATH) = 0
newfstatat(AT_FDCWD, "/tmp", {st_mode=S_IFDIR|S_ISVTX|0777, st_size=4096, ...}, AT_EMPTY_PATH) = 0
newfstatat(AT_FDCWD, "/home", {st_mode=S_IFDIR|0755, st_size=4096, ...}, AT_EMPTY_PATH) = 0
openat(5, "/", O_RDONLY|O_DIRECTORY)    = 6
getdents64(6, 0x2000003f4588 /* 26 entries */, 2048) = 696
newfstatat(6, "sbin.usr-is-merged", {st_mode=S_IFDIR|0755, st_size=4096, ...}, AT_SYMLINK_NOFOLLOW) = 0
newfstatat(6, "proc", {st_mode=S_IFDIR|0555, st_size=0, ...}, AT_SYMLINK_NOFOLLOW) = 0
newfstatat(6, "home", {st_mode=S_IFDIR|0755, st_size=4096, ...}, AT_SYMLINK_NOFOLLOW) = 0
newfstatat(6, "opt", {st_mode=S_IFDIR|0755, st_size=4096, ...}, AT_SYMLINK_NOFOLLOW) = 0
newfstatat(6, "boot", {st_mode=S_IFDIR|0755, st_size=4096, ...}, AT_SYMLINK_NOFOLLOW) = 0
newfstatat(6, "run", {st_mode=S_IFDIR|0755, st_size=1000, ...}, AT_SYMLINK_NOFOLLOW) = 0
newfstatat(6, "lost+found", {st_mode=S_IFDIR|0700, st_size=16384, ...}, AT_SYMLINK_NOFOLLOW) = 0
newfstatat(6, "snap", {st_mode=S_IFDIR|0755, st_size=4096, ...}, AT_SYMLINK_NOFOLLOW) = 0
newfstatat(6, "lib64", {st_mode=S_IFLNK|0777, st_size=9, ...}, AT_SYMLINK_NOFOLLOW) = 0
readlinkat(5, "//lib64", "usr/lib64", 4096) = 9
newfstatat(6, "bin.usr-is-merged", {st_mode=S_IFDIR|0755, st_size=4096, ...}, AT_SYMLINK_NOFOLLOW) = 0
newfstatat(6, "mnt", {st_mode=S_IFDIR|0755, st_size=4096, ...}, AT_SYMLINK_NOFOLLOW) = 0
newfstatat(6, "tmp", {st_mode=S_IFDIR|S_ISVTX|0777, st_size=4096, ...}, AT_SYMLINK_NOFOLLOW) = 0
newfstatat(6, "dev", {st_mode=S_IFDIR|0755, st_size=3980, ...}, AT_SYMLINK_NOFOLLOW) = 0
newfstatat(6, "media", {st_mode=S_IFDIR|0755, st_size=4096, ...}, AT_SYMLINK_NOFOLLOW) = 0
newfstatat(6, "etc", {st_mode=S_IFDIR|0755, st_size=4096, ...}, AT_SYMLINK_NOFOLLOW) = 0
newfstatat(6, "sys", {st_mode=S_IFDIR|0555, st_size=0, ...}, AT_SYMLINK_NOFOLLOW) = 0
newfstatat(6, "srv", {st_mode=S_IFDIR|0755, st_size=4096, ...}, AT_SYMLINK_NOFOLLOW) = 0
newfstatat(6, "bin", {st_mode=S_IFLNK|0777, st_size=7, ...}, AT_SYMLINK_NOFOLLOW) = 0
readlinkat(5, "//bin", "usr/bin", 4096) = 7
newfstatat(6, "root", {st_mode=S_IFDIR|0700, st_size=4096, ...}, AT_SYMLINK_NOFOLLOW) = 0
newfstatat(6, "var", {st_mode=S_IFDIR|0755, st_size=4096, ...}, AT_SYMLINK_NOFOLLOW) = 0
newfstatat(6, "sbin", {st_mode=S_IFLNK|0777, st_size=8, ...}, AT_SYMLINK_NOFOLLOW) = 0
readlinkat(5, "//sbin", "usr/sbin", 4096) = 8
newfstatat(6, "lib", {st_mode=S_IFLNK|0777, st_size=7, ...}, AT_SYMLINK_NOFOLLOW) = 0
readlinkat(5, "//lib", "usr/lib", 4096) = 7
newfstatat(6, "usr", {st_mode=S_IFDIR|0755, st_size=4096, ...}, AT_SYMLINK_NOFOLLOW) = 0
newfstatat(6, "lib.usr-is-merged", {st_mode=S_IFDIR|0755, st_size=4096, ...}, AT_SYMLINK_NOFOLLOW) = 0
getdents64(6, 0x2000003f4588 /* 0 entries */, 2048) = 0
close(6)                                = 0
newfstatat(AT_FDCWD, "/dev/shm", {st_mode=S_IFDIR|S_ISVTX|0777, st_size=40, ...}, AT_EMPTY_PATH) = 0
getcwd("/home/ubuntu/artifact", 4096)   = 22
openat(5, "//home", O_RDONLY|O_DIRECTORY) = 6
getdents64(6, 0x2000003f4f88 /* 3 entries */, 2048) = 80
newfstatat(6, "ubuntu", {st_mode=S_IFDIR|0750, st_size=4096, ...}, AT_SYMLINK_NOFOLLOW) = 0
getdents64(6, 0x2000003f4f88 /* 0 entries */, 2048) = 0
close(6)                                = 0
openat(5, "//home/ubuntu", O_RDONLY|O_DIRECTORY) = 6
getdents64(6, 0x2000003f4f88 /* 27 entries */, 2048) = 944
newfstatat(6, "jailhouse-equation", {st_mode=S_IFDIR|0775, st_size=4096, ...}, AT_SYMLINK_NOFOLLOW) = 0
newfstatat(6, ".zcompdump-ubuntu-5.9", {st_mode=S_IFREG|0664, st_size=51941, ...}, AT_SYMLINK_NOFOLLOW) = 0
newfstatat(6, ".viminfo", {st_mode=S_IFREG|0600, st_size=8187, ...}, AT_SYMLINK_NOFOLLOW) = 0
newfstatat(6, ".zsh_history", {st_mode=S_IFREG|0600, st_size=13321, ...}, AT_SYMLINK_NOFOLLOW) = 0
newfstatat(6, "evm-intel.bin", {st_mode=S_IFREG|0775, st_size=2099456, ...}, AT_SYMLINK_NOFOLLOW) = 0
newfstatat(6, "disable-axvisor.sh", {st_mode=S_IFREG|0775, st_size=86, ...}, AT_SYMLINK_NOFOLLOW) = 0
newfstatat(6, ".zshrc", {st_mode=S_IFREG|0644, st_size=4019, ...}, AT_SYMLINK_NOFOLLOW) = 0
newfstatat(6, ".cache", {st_mode=S_IFDIR|0700, st_size=4096, ...}, AT_SYMLINK_NOFOLLOW) = 0
newfstatat(6, ".lesshst", {st_mode=S_IFREG|0600, st_size=20, ...}, AT_SYMLINK_NOFOLLOW) = 0
newfstatat(6, ".bashrc", {st_mode=S_IFREG|0644, st_size=3771, ...}, AT_SYMLINK_NOFOLLOW) = 0
newfstatat(6, "test_hypercall.c", {st_mode=S_IFREG|0664, st_size=721, ...}, AT_SYMLINK_NOFOLLOW) = 0
newfstatat(6, ".bash_logout", {st_mode=S_IFREG|0644, st_size=220, ...}, AT_SYMLINK_NOFOLLOW) = 0
newfstatat(6, "artifact", {st_mode=S_IFDIR|0755, st_size=4096, ...}, AT_SYMLINK_NOFOLLOW) = 0
newfstatat(6, ".ssh", {st_mode=S_IFDIR|0700, st_size=4096, ...}, AT_SYMLINK_NOFOLLOW) = 0
newfstatat(6, "setup.sh", {st_mode=S_IFREG|0775, st_size=648, ...}, AT_SYMLINK_NOFOLLOW) = 0
newfstatat(6, ".bash_history", {st_mode=S_IFREG|0600, st_size=399, ...}, AT_SYMLINK_NOFOLLOW) = 0
newfstatat(6, ".zcompdump", {st_mode=S_IFREG|0644, st_size=50492, ...}, AT_SYMLINK_NOFOLLOW) = 0
newfstatat(6, ".profile", {st_mode=S_IFREG|0644, st_size=807, ...}, AT_SYMLINK_NOFOLLOW) = 0
newfstatat(6, ".zcompdump-ubuntu-5.9.zwc", {st_mode=S_IFREG|0444, st_size=120296, ...}, AT_SYMLINK_NOFOLLOW) = 0
newfstatat(6, ".sudo_as_admin_successful", {st_mode=S_IFREG|0644, st_size=0, ...}, AT_SYMLINK_NOFOLLOW) = 0
newfstatat(6, "enable-axvisor.sh", {st_mode=S_IFREG|0775, st_size=273, ...}, AT_SYMLINK_NOFOLLOW) = 0
newfstatat(6, ".oh-my-zsh", {st_mode=S_IFDIR|0755, st_size=4096, ...}, AT_SYMLINK_NOFOLLOW) = 0
newfstatat(6, "axcli", {st_mode=S_IFREG|0775, st_size=1376736, ...}, AT_SYMLINK_NOFOLLOW) = 0
newfstatat(6, ".shell.pre-oh-my-zsh", {st_mode=S_IFREG|0644, st_size=10, ...}, AT_SYMLINK_NOFOLLOW) = 0
newfstatat(6, "hello_world", {st_mode=S_IFREG|0775, st_size=265536, ...}, AT_SYMLINK_NOFOLLOW) = 0
getdents64(6, 0x2000003f4f88 /* 0 entries */, 2048) = 0
close(6)                                = 0
mmap(0x202000, 224, PROT_READ|PROT_WRITE, MAP_PRIVATE|MAP_FIXED|MAP_ANONYMOUS, -1, 0) = 0x202000
writev(1, [{iov_base="[  0.021504] CPU 02| <5> started"..., iov_len=59}], 1) = 59
rt_sigaction(SIGSYS, {sa_handler=0x6494dc026663, sa_mask=[], sa_flags=SA_RESTORER|SA_ONSTACK|SA_NODEFER|SA_SIGINFO, sa_restorer=0x6494dc158c00}, NULL, 8) = 0
prctl(PR_SET_NO_NEW_PRIVS, 1, 0, 0, 0)  = 0
seccomp(SECCOMP_SET_MODE_FILTER, SECCOMP_FILTER_FLAG_TSYNC, {len=274, filter=0x2000003f6210}) = 0
mmap(0x100000200000, 2097152, PROT_READ|PROT_WRITE, MAP_PRIVATE|MAP_FIXED|MAP_ANONYMOUS|MAP_POPULATE|MAP_HUGETLB|21<<MAP_HUGE_SHIFT, -1, 0) = 0x100000200000
mmap(0x300000000000, 68719476736, PROT_NONE, MAP_PRIVATE|MAP_ANONYMOUS, -1, 0) = 0x300000000000
mmap(0x100000400000, 2097152, PROT_READ|PROT_WRITE, MAP_PRIVATE|MAP_FIXED|MAP_ANONYMOUS|MAP_POPULATE|MAP_HUGETLB|21<<MAP_HUGE_SHIFT, -1, 0) = 0x100000400000
mmap(0x100000600000, 2097152, PROT_READ|PROT_WRITE, MAP_PRIVATE|MAP_FIXED|MAP_ANONYMOUS|MAP_POPULATE|MAP_HUGETLB|21<<MAP_HUGE_SHIFT, -1, 0) = 0x100000600000
writev(1, [{iov_base="[  0.022793] CPU 02| <5> elf: lo"..., iov_len=70}], 1) = 70
openat(5, "//usr", O_RDONLY|O_DIRECTORY) = 6
getdents64(6, 0x2000003f4a38 /* 12 entries */, 2048) = 336
newfstatat(6, "include", {st_mode=S_IFDIR|0755, st_size=4096, ...}, AT_SYMLINK_NOFOLLOW) = 0
newfstatat(6, "lib64", {st_mode=S_IFDIR|0755, st_size=4096, ...}, AT_SYMLINK_NOFOLLOW) = 0
newfstatat(6, "local", {st_mode=S_IFDIR|0755, st_size=4096, ...}, AT_SYMLINK_NOFOLLOW) = 0
newfstatat(6, "bin", {st_mode=S_IFDIR|0755, st_size=36864, ...}, AT_SYMLINK_NOFOLLOW) = 0
newfstatat(6, "src", {st_mode=S_IFDIR|0755, st_size=4096, ...}, AT_SYMLINK_NOFOLLOW) = 0
newfstatat(6, "sbin", {st_mode=S_IFDIR|0755, st_size=20480, ...}, AT_SYMLINK_NOFOLLOW) = 0
newfstatat(6, "lib", {st_mode=S_IFDIR|0755, st_size=4096, ...}, AT_SYMLINK_NOFOLLOW) = 0
newfstatat(6, "share", {st_mode=S_IFDIR|0755, st_size=4096, ...}, AT_SYMLINK_NOFOLLOW) = 0
newfstatat(6, "games", {st_mode=S_IFDIR|0755, st_size=4096, ...}, AT_SYMLINK_NOFOLLOW) = 0
newfstatat(6, "libexec", {st_mode=S_IFDIR|0755, st_size=4096, ...}, AT_SYMLINK_NOFOLLOW) = 0
getdents64(6, 0x2000003f4a38 /* 0 entries */, 2048) = 0
close(6)                                = 0
openat(5, "//usr/bin", O_RDONLY|O_DIRECTORY) = 6
getdents64(6, 0x2000003f4a38 /* 62 entries */, 2048) = 2032
newfstatat(6, "lscpu", {st_mode=S_IFREG|0755, st_size=113032, ...}, AT_SYMLINK_NOFOLLOW) = 0
newfstatat(6, "gio", {st_mode=S_IFREG|0755, st_size=104856, ...}, AT_SYMLINK_NOFOLLOW) = 0
newfstatat(6, "gdbus", {st_mode=S_IFREG|0755, st_size=51592, ...}, AT_SYMLINK_NOFOLLOW) = 0
newfstatat(6, "sha256sum", {st_mode=S_IFREG|0755, st_size=39336, ...}, AT_SYMLINK_NOFOLLOW) = 0
newfstatat(6, "dir", {st_mode=S_IFREG|0755, st_size=142312, ...}, AT_SYMLINK_NOFOLLOW) = 0
newfstatat(6, "dpkg-shlibdeps", {st_mode=S_IFREG|0755, st_size=32219, ...}, AT_SYMLINK_NOFOLLOW) = 0
newfstatat(6, "sg_test_rwbuf", {st_mode=S_IFREG|0755, st_size=19048, ...}, AT_SYMLINK_NOFOLLOW) = 0
newfstatat(6, "grub-mkfont", {st_mode=S_IFREG|0755, st_size=134600, ...}, AT_SYMLINK_NOFOLLOW) = 0
newfstatat(6, "pybabel-python3", {st_mode=S_IFREG|0755, st_size=956, ...}, AT_SYMLINK_NOFOLLOW) = 0
newfstatat(6, "setpci", {st_mode=S_IFREG|0755, st_size=31112, ...}, AT_SYMLINK_NOFOLLOW) = 0
newfstatat(6, "sftp", {st_mode=S_IFREG|0755, st_size=154280, ...}, AT_SYMLINK_NOFOLLOW) = 0
newfstatat(6, "tic", {st_mode=S_IFREG|0755, st_size=92584, ...}, AT_SYMLINK_NOFOLLOW) = 0
newfstatat(6, "strace", {st_mode=S_IFREG|0755, st_size=2087432, ...}, AT_SYMLINK_NOFOLLOW) = 0
newfstatat(6, "ntfsfallocate", {st_mode=S_IFREG|0755, st_size=27016, ...}, AT_SYMLINK_NOFOLLOW) = 0
newfstatat(6, "iptables-xml", {st_mode=S_IFLNK|0777, st_size=28, ...}, AT_SYMLINK_NOFOLLOW) = 0
readlinkat(5, "//usr/bin/iptables-xml", "../sbin/xtables-legacy-multi", 4096) = 28
newfstatat(6, "debconf-apt-progress", {st_mode=S_IFREG|0755, st_size=11846, ...}, AT_SYMLINK_NOFOLLOW) = 0
newfstatat(6, "faked-sysv", {st_mode=S_IFREG|0755, st_size=31120, ...}, AT_SYMLINK_NOFOLLOW) = 0
newfstatat(6, "sg_turs", {st_mode=S_IFREG|0755, st_size=27336, ...}, AT_SYMLINK_NOFOLLOW) = 0
newfstatat(6, "gpgsplit", {st_mode=S_IFREG|0755, st_size=27256, ...}, AT_SYMLINK_NOFOLLOW) = 0
newfstatat(6, "ping4", {st_mode=S_IFLNK|0777, st_size=4, ...}, AT_SYMLINK_NOFOLLOW) = 0
readlinkat(5, "//usr/bin/ping4", "ping", 4096) = 4
newfstatat(6, "setarch", {st_mode=S_IFREG|0755, st_size=27288, ...}, AT_SYMLINK_NOFOLLOW) = 0
newfstatat(6, "dpkg-distaddfile", {st_mode=S_IFREG|0755, st_size=2783, ...}, AT_SYMLINK_NOFOLLOW) = 0
newfstatat(6, "gcov-13", {st_mode=S_IFLNK|0777, st_size=24, ...}, AT_SYMLINK_NOFOLLOW) = 0
readlinkat(5, "//usr/bin/gcov-13", "x86_64-linux-gnu-gcov-13", 4096) = 24
newfstatat(6, "x86_64", {st_mode=S_IFLNK|0777, st_size=7, ...}, AT_SYMLINK_NOFOLLOW) = 0
readlinkat(5, "//usr/bin/x86_64", "setarch", 4096) = 7
newfstatat(6, "sg_format", {st_mode=S_IFREG|0755, st_size=40296, ...}, AT_SYMLINK_NOFOLLOW) = 0
newfstatat(6, "dpkg-gensymbols", {st_mode=S_IFREG|0755, st_size=10919, ...}, AT_SYMLINK_NOFOLLOW) = 0
newfstatat(6, "seq", {st_mode=S_IFREG|0755, st_size=51720, ...}, AT_SYMLINK_NOFOLLOW) = 0
newfstatat(6, "file", {st_mode=S_IFREG|0755, st_size=31336, ...}, AT_SYMLINK_NOFOLLOW) = 0
newfstatat(6, "x86_64-linux-gnu-gcov-tool-13", {st_mode=S_IFREG|0755, st_size=311352, ...}, AT_SYMLINK_NOFOLLOW) = 0
newfstatat(6, "systemd-id128", {st_mode=S_IFREG|0755, st_size=22984, ...}, AT_SYMLINK_NOFOLLOW) = 0
newfstatat(6, "ipcrm", {st_mode=S_IFREG|0755, st_size=18816, ...}, AT_SYMLINK_NOFOLLOW) = 0
newfstatat(6, "trial3", {st_mode=S_IFREG|0755, st_size=219, ...}, AT_SYMLINK_NOFOLLOW) = 0
newfstatat(6, "x86_64-linux-gnu-gcov-13", {st_mode=S_IFREG|0755, st_size=442496, ...}, AT_SYMLINK_NOFOLLOW) = 0
newfstatat(6, "chardet", {st_mode=S_IFLNK|0777, st_size=10, ...}, AT_SYMLINK_NOFOLLOW) = 0
readlinkat(5, "//usr/bin/chardet", "chardetect", 4096) = 10
newfstatat(6, "vmware-namespace-cmd", {st_mode=S_IFREG|0755, st_size=22840, ...}, AT_SYMLINK_NOFOLLOW) = 0
newfstatat(6, "lto-dump", {st_mode=S_IFLNK|0777, st_size=11, ...}, AT_SYMLINK_NOFOLLOW) = 0
readlinkat(5, "//usr/bin/lto-dump", "lto-dump-13", 4096) = 11
newfstatat(6, "dpkg-divert", {st_mode=S_IFREG|0755, st_size=121416, ...}, AT_SYMLINK_NOFOLLOW) = 0
newfstatat(6, "ptardiff", {st_mode=S_IFREG|0755, st_size=2645, ...}, AT_SYMLINK_NOFOLLOW) = 0
newfstatat(6, "sg_read_long", {st_mode=S_IFREG|0755, st_size=15048, ...}, AT_SYMLINK_NOFOLLOW) = 0
newfstatat(6, "xzgrep", {st_mode=S_IFREG|0755, st_size=10333, ...}, AT_SYMLINK_NOFOLLOW) = 0
newfstatat(6, "rtstat", {st_mode=S_IFLNK|0777, st_size=6, ...}, AT_SYMLINK_NOFOLLOW) = 0
readlinkat(5, "//usr/bin/rtstat", "lnstat", 4096) = 6
newfstatat(6, "grub-mknetdir", {st_mode=S_IFREG|0755, st_size=440088, ...}, AT_SYMLINK_NOFOLLOW) = 0
newfstatat(6, "pslog", {st_mode=S_IFREG|0755, st_size=14640, ...}, AT_SYMLINK_NOFOLLOW) = 0
newfstatat(6, "py3compile", {st_mode=S_IFREG|0755, st_size=13312, ...}, AT_SYMLINK_NOFOLLOW) = 0
newfstatat(6, "apt-mark", {st_mode=S_IFREG|0755, st_size=55776, ...}, AT_SYMLINK_NOFOLLOW) = 0
newfstatat(6, "tr", {st_mode=S_IFREG|0755, st_size=47624, ...}, AT_SYMLINK_NOFOLLOW) = 0
newfstatat(6, "aa-enabled", {st_mode=S_IFREG|0755, st_size=18744, ...}, AT_SYMLINK_NOFOLLOW) = 0
newfstatat(6, "ssh-import-id-gh", {st_mode=S_IFREG|0755, st_size=785, ...}, AT_SYMLINK_NOFOLLOW) = 0
newfstatat(6, "gunzip", {st_mode=S_IFREG|0755, st_size=2346, ...}, AT_SYMLINK_NOFOLLOW) = 0
newfstatat(6, "byobu-enable", {st_mode=S_IFREG|0755, st_size=1182, ...}, AT_SYMLINK_NOFOLLOW) = 0
newfstatat(6, "fwupdmgr", {st_mode=S_IFREG|0755, st_size=121136, ...}, AT_SYMLINK_NOFOLLOW) = 0
newfstatat(6, "ginstall-info", {st_mode=S_IFLNK|0777, st_size=12, ...}, AT_SYMLINK_NOFOLLOW) = 0
readlinkat(5, "//usr/bin/ginstall-info", "install-info", 4096) = 12
newfstatat(6, "xargs", {st_mode=S_IFREG|0755, st_size=63912, ...}, AT_SYMLINK_NOFOLLOW) = 0
newfstatat(6, "vmware-rpctool", {st_mode=S_IFREG|0755, st_size=18744, ...}, AT_SYMLINK_NOFOLLOW) = 0
newfstatat(6, "apt-key", {st_mode=S_IFREG|0755, st_size=28664, ...}, AT_SYMLINK_NOFOLLOW) = 0
newfstatat(6, "info", {st_mode=S_IFREG|0755, st_size=247536, ...}, AT_SYMLINK_NOFOLLOW) = 0
newfstatat(6, "ldd", {st_mode=S_IFREG|0755, st_size=5382, ...}, AT_SYMLINK_NOFOLLOW) = 0
newfstatat(6, "byobu-tmux", {st_mode=S_IFLNK|0777, st_size=5, ...}, AT_SYMLINK_NOFOLLOW) = 0
readlinkat(5, "//usr/bin/byobu-tmux", "byobu", 4096) = 5
newfstatat(6, "cc", {st_mode=S_IFLNK|0777, st_size=20, ...}, AT_SYMLINK_NOFOLLOW) = 0
readlinkat(5, "//usr/bin/cc", "/etc/alternatives/cc", 4096) = 20
newfstatat(6, "touch", {st_mode=S_IFREG|0755, st_size=96776, ...}, AT_SYMLINK_NOFOLLOW) = 0
getdents64(6, 0x2000003f4a38 /* 66 entries */, 2048) = 2048
newfstatat(6, "utmpdump", {st_mode=S_IFREG|0755, st_size=22912, ...}, AT_SYMLINK_NOFOLLOW) = 0
newfstatat(6, "nslookup", {st_mode=S_IFREG|0755, st_size=125768, ...}, AT_SYMLINK_NOFOLLOW) = 0
newfstatat(6, "x86_64-linux-gnu-gcov-dump", {st_mode=S_IFLNK|0777, st_size=29, ...}, AT_SYMLINK_NOFOLLOW) = 0
readlinkat(5, "//usr/bin/x86_64-linux-gnu-gcov-dump", "x86_64-linux-gnu-gcov-dump-13", 4096) = 29
newfstatat(6, "dpkg", {st_mode=S_IFREG|0755, st_size=318176, ...}, AT_SYMLINK_NOFOLLOW) = 0
newfstatat(6, "users", {st_mode=S_IFREG|0755, st_size=35336, ...}, AT_SYMLINK_NOFOLLOW) = 0
newfstatat(6, "lowntfs-3g", {st_mode=S_IFREG|0755, st_size=121832, ...}, AT_SYMLINK_NOFOLLOW) = 0
newfstatat(6, "ucfr", {st_mode=S_IFREG|0755, st_size=11111, ...}, AT_SYMLINK_NOFOLLOW) = 0
newfstatat(6, "dpkg-trigger", {st_mode=S_IFREG|0755, st_size=43552, ...}, AT_SYMLINK_NOFOLLOW) = 0
newfstatat(6, "xzfgrep", {st_mode=S_IFLNK|0777, st_size=6, ...}, AT_SYMLINK_NOFOLLOW) = 0
readlinkat(5, "//usr/bin/xzfgrep", "xzgrep", 4096) = 6
newfstatat(6, "lsb_release", {st_mode=S_IFREG|0755, st_size=2651, ...}, AT_SYMLINK_NOFOLLOW) = 0
newfstatat(6, "prove", {st_mode=S_IFREG|0755, st_size=13659, ...}, AT_SYMLINK_NOFOLLOW) = 0
newfstatat(6, "gencat", {st_mode=S_IFREG|0755, st_size=27072, ...}, AT_SYMLINK_NOFOLLOW) = 0
newfstatat(6, "ln", {st_mode=S_IFREG|0755, st_size=55816, ...}, AT_SYMLINK_NOFOLLOW) = 0
newfstatat(6, "setkeycodes", {st_mode=S_IFREG|0755, st_size=14712, ...}, AT_SYMLINK_NOFOLLOW) = 0
newfstatat(6, "cpp-13", {st_mode=S_IFLNK|0777, st_size=23, ...}, AT_SYMLINK_NOFOLLOW) = 0
readlinkat(5, "//usr/bin/cpp-13", "x86_64-linux-gnu-cpp-13", 4096) = 23
newfstatat(6, "col6", {st_mode=S_IFLNK|0777, st_size=4, ...}, AT_SYMLINK_NOFOLLOW) = 0
readlinkat(5, "//usr/bin/col6", "col1", 4096) = 4
newfstatat(6, "dpkg-checkbuilddeps", {st_mode=S_IFREG|0755, st_size=7624, ...}, AT_SYMLINK_NOFOLLOW) = 0
newfstatat(6, "gcov-dump", {st_mode=S_IFLNK|0777, st_size=12, ...}, AT_SYMLINK_NOFOLLOW) = 0
readlinkat(5, "//usr/bin/gcov-dump", "gcov-dump-13", 4096) = 12
newfstatat(6, "gettext", {st_mode=S_IFREG|0755, st_size=35200, ...}, AT_SYMLINK_NOFOLLOW) = 0
newfstatat(6, "dpkg-gencontrol", {st_mode=S_IFREG|0755, st_size=14630, ...}, AT_SYMLINK_NOFOLLOW) = 0
newfstatat(6, "find", {st_mode=S_IFREG|0755, st_size=204264, ...}, AT_SYMLINK_NOFOLLOW) = 0
newfstatat(6, "apropos", {st_mode=S_IFLNK|0777, st_size=6, ...}, AT_SYMLINK_NOFOLLOW) = 0
readlinkat(5, "//usr/bin/apropos", "whatis", 4096) = 6
newfstatat(6, "gpgtar", {st_mode=S_IFREG|0755, st_size=69456, ...}, AT_SYMLINK_NOFOLLOW) = 0
newfstatat(6, "sg_write_x", {st_mode=S_IFREG|0755, st_size=56936, ...}, AT_SYMLINK_NOFOLLOW) = 0
newfstatat(6, "sha384sum", {st_mode=S_IFREG|0755, st_size=39336, ...}, AT_SYMLINK_NOFOLLOW) = 0
newfstatat(6, "sudo", {st_mode=S_IFREG|S_ISUID|0755, st_size=277936, ...}, AT_SYMLINK_NOFOLLOW) = 0
newfstatat(6, "col1", {st_mode=S_IFREG|0755, st_size=963, ...}, AT_SYMLINK_NOFOLLOW) = 0
newfstatat(6, "perl", {st_mode=S_IFREG|0755, st_size=4019312, ...}, AT_SYMLINK_NOFOLLOW) = 0
newfstatat(6, "pkcon", {st_mode=S_IFREG|0755, st_size=55608, ...}, AT_SYMLINK_NOFOLLOW) = 0
newfstatat(6, "peekfd", {st_mode=S_IFREG|0755, st_size=14640, ...}, AT_SYMLINK_NOFOLLOW) = 0
newfstatat(6, "sg_get_config", {st_mode=S_IFREG|0755, st_size=36224, ...}, AT_SYMLINK_NOFOLLOW) = 0
newfstatat(6, "pinky", {st_mode=S_IFREG|0755, st_size=39336, ...}, AT_SYMLINK_NOFOLLOW) = 0
newfstatat(6, "ipcs", {st_mode=S_IFREG|0755, st_size=39296, ...}, AT_SYMLINK_NOFOLLOW) = 0
newfstatat(6, "vim.basic", {st_mode=S_IFREG|0755, st_size=4126400, ...}, AT_SYMLINK_NOFOLLOW) = 0
newfstatat(6, "sha224sum", {st_mode=S_IFREG|0755, st_size=39336, ...}, AT_SYMLINK_NOFOLLOW) = 0
newfstatat(6, "pastebinit", {st_mode=S_IFREG|0755, st_size=16706, ...}, AT_SYMLINK_NOFOLLOW) = 0
newfstatat(6, "fakeroot-tcp", {st_mode=S_IFREG|0755, st_size=3990, ...}, AT_SYMLINK_NOFOLLOW) = 0
newfstatat(6, "pzstd", {st_mode=S_IFREG|0755, st_size=707112, ...}, AT_SYMLINK_NOFOLLOW) = 0
newfstatat(6, "lsinitramfs", {st_mode=S_IFREG|0755, st_size=735, ...}, AT_SYMLINK_NOFOLLOW) = 0
newfstatat(6, "bunzip2", {st_mode=S_IFREG|0755, st_size=39296, ...}, AT_SYMLINK_NOFOLLOW) = 0
newfstatat(6, "byobu-silent", {st_mode=S_IFREG|0755, st_size=1306, ...}, AT_SYMLINK_NOFOLLOW) = 0
newfstatat(6, "clear_console", {st_mode=S_IFREG|0755, st_size=14568, ...}, AT_SYMLINK_NOFOLLOW) = 0
newfstatat(6, "sg_modes", {st_mode=S_IFREG|0755, st_size=47184, ...}, AT_SYMLINK_NOFOLLOW) = 0
newfstatat(6, "cat", {st_mode=S_IFREG|0755, st_size=39384, ...}, AT_SYMLINK_NOFOLLOW) = 0
newfstatat(6, "nm", {st_mode=S_IFLNK|0777, st_size=19, ...}, AT_SYMLINK_NOFOLLOW) = 0
readlinkat(5, "//usr/bin/nm", "x86_64-linux-gnu-nm", 4096) = 19
newfstatat(6, "du", {st_mode=S_IFREG|0755, st_size=100872, ...}, AT_SYMLINK_NOFOLLOW) = 0
newfstatat(6, "gpic", {st_mode=S_IFLNK|0777, st_size=3, ...}, AT_SYMLINK_NOFOLLOW) = 0
readlinkat(5, "//usr/bin/gpic", "pic", 4096) = 3
newfstatat(6, "strip", {st_mode=S_IFLNK|0777, st_size=22, ...}, AT_SYMLINK_NOFOLLOW) = 0
readlinkat(5, "//usr/bin/strip", "x86_64-linux-gnu-strip", 4096) = 22
newfstatat(6, "sg_read", {st_mode=S_IFREG|0755, st_size=26944, ...}, AT_SYMLINK_NOFOLLOW) = 0
newfstatat(6, "growpart", {st_mode=S_IFREG|0755, st_size=29895, ...}, AT_SYMLINK_NOFOLLOW) = 0
newfstatat(6, "gp-collect-app", {st_mode=S_IFLNK|0777, st_size=31, ...}, AT_SYMLINK_NOFOLLOW) = 0
readlinkat(5, "//usr/bin/gp-collect-app", "x86_64-linux-gnu-gp-collect-app", 4096) = 31
newfstatat(6, "piconv", {st_mode=S_IFREG|0755, st_size=8360, ...}, AT_SYMLINK_NOFOLLOW) = 0
newfstatat(6, "bzdiff", {st_mode=S_IFREG|0755, st_size=2225, ...}, AT_SYMLINK_NOFOLLOW) = 0
newfstatat(6, "unshare", {st_mode=S_IFREG|0755, st_size=43624, ...}, AT_SYMLINK_NOFOLLOW) = 0
newfstatat(6, "dpkg-buildtree", {st_mode=S_IFREG|0755, st_size=1928, ...}, AT_SYMLINK_NOFOLLOW) = 0
newfstatat(6, "size", {st_mode=S_IFLNK|0777, st_size=21, ...}, AT_SYMLINK_NOFOLLOW) = 0
readlinkat(5, "//usr/bin/size", "x86_64-linux-gnu-size", 4096) = 21
newfstatat(6, "sqfstar", {st_mode=S_IFLNK|0777, st_size=10, ...}, AT_SYMLINK_NOFOLLOW) = 0
readlinkat(5, "//usr/bin/sqfstar", "mksquashfs", 4096) = 10
newfstatat(6, "vdir", {st_mode=S_IFREG|0755, st_size=142312, ...}, AT_SYMLINK_NOFOLLOW) = 0
newfstatat(6, "dircolors", {st_mode=S_IFREG|0755, st_size=47632, ...}, AT_SYMLINK_NOFOLLOW) = 0
newfstatat(6, "echo", {st_mode=S_IFREG|0755, st_size=35208, ...}, AT_SYMLINK_NOFOLLOW) = 0
newfstatat(6, "zfgrep", {st_mode=S_IFREG|0755, st_size=29, ...}, AT_SYMLINK_NOFOLLOW) = 0
newfstatat(6, "static-sh", {st_mode=S_IFLNK|0777, st_size=7, ...}, AT_SYMLINK_NOFOLLOW) = 0
readlinkat(5, "//usr/bin/static-sh", "busybox", 4096) = 7
newfstatat(6, "jsondiff", {st_mode=S_IFLNK|0777, st_size=26, ...}, AT_SYMLINK_NOFOLLOW) = 0
readlinkat(5, "//usr/bin/jsondiff", "/etc/alternatives/jsondiff", 4096) = 26
newfstatat(6, "h2ph", {st_mode=S_IFREG|0755, st_size=29227, ...}, AT_SYMLINK_NOFOLLOW) = 0
newfstatat(6, "x86_64-linux-gnu-ar", {st_mode=S_IFREG|0755, st_size=55792, ...}, AT_SYMLINK_NOFOLLOW) = 0
newfstatat(6, "corelist", {st_mode=S_IFREG|0755, st_size=15375, ...}, AT_SYMLINK_NOFOLLOW) = 0
getdents64(6, 0x2000003f4a38 /* 61 entries */, 2048) = 2032
newfstatat(6, "nroff", {st_mode=S_IFREG|0755, st_size=5718, ...}, AT_SYMLINK_NOFOLLOW) = 0
newfstatat(6, "codepage", {st_mode=S_IFREG|0755, st_size=14640, ...}, AT_SYMLINK_NOFOLLOW) = 0
newfstatat(6, "debian-distro-info", {st_mode=S_IFREG|0755, st_size=31696, ...}, AT_SYMLINK_NOFOLLOW) = 0
newfstatat(6, "lastlog", {st_mode=S_IFREG|0755, st_size=28456, ...}, AT_SYMLINK_NOFOLLOW) = 0
newfstatat(6, "gpgsm", {st_mode=S_IFREG|0755, st_size=513400, ...}, AT_SYMLINK_NOFOLLOW) = 0
newfstatat(6, "mbimcli", {st_mode=S_IFREG|0755, st_size=221848, ...}, AT_SYMLINK_NOFOLLOW) = 0
newfstatat(6, "kernel-install", {st_mode=S_IFREG|0755, st_size=55984, ...}, AT_SYMLINK_NOFOLLOW) = 0
newfstatat(6, "mv", {st_mode=S_IFREG|0755, st_size=137752, ...}, AT_SYMLINK_NOFOLLOW) = 0
newfstatat(6, "namei", {st_mode=S_IFREG|0755, st_size=22912, ...}, AT_SYMLINK_NOFOLLOW) = 0
newfstatat(6, "wall", {st_mode=S_IFREG|0755, st_size=22912, ...}, AT_SYMLINK_NOFOLLOW) = 0
newfstatat(6, "dbxtool", {st_mode=S_IFREG|0755, st_size=31024, ...}, AT_SYMLINK_NOFOLLOW) = 0
newfstatat(6, "gp-archive", {st_mode=S_IFLNK|0777, st_size=27, ...}, AT_SYMLINK_NOFOLLOW) = 0
readlinkat(5, "//usr/bin/gp-archive", "x86_64-linux-gnu-gp-archive", 4096) = 27
newfstatat(6, "dbus-update-activation-environment", {st_mode=S_IFREG|0755, st_size=14632, ...}, AT_SYMLINK_NOFOLLOW) = 0
newfstatat(6, "ntfsinfo", {st_mode=S_IFREG|0755, st_size=55688, ...}, AT_SYMLINK_NOFOLLOW) = 0
newfstatat(6, "linux-check-removal", {st_mode=S_IFREG|0755, st_size=4090, ...}, AT_SYMLINK_NOFOLLOW) = 0
newfstatat(6, "pygettext3.12", {st_mode=S_IFREG|0755, st_size=24224, ...}, AT_SYMLINK_NOFOLLOW) = 0
newfstatat(6, "systemd-delta", {st_mode=S_IFREG|0755, st_size=27080, ...}, AT_SYMLINK_NOFOLLOW) = 0
newfstatat(6, "showconsolefont", {st_mode=S_IFREG|0755, st_size=18808, ...}, AT_SYMLINK_NOFOLLOW) = 0
newfstatat(6, "dumpkeys", {st_mode=S_IFREG|0755, st_size=166760, ...}, AT_SYMLINK_NOFOLLOW) = 0
newfstatat(6, "nice", {st_mode=S_IFREG|0755, st_size=35336, ...}, AT_SYMLINK_NOFOLLOW) = 0
newfstatat(6, "sg_read_buffer", {st_mode=S_IFREG|0755, st_size=28224, ...}, AT_SYMLINK_NOFOLLOW) = 0
newfstatat(6, "telnet", {st_mode=S_IFLNK|0777, st_size=24, ...}, AT_SYMLINK_NOFOLLOW) = 0
readlinkat(5, "//usr/bin/telnet", "/etc/alternatives/telnet", 4096) = 24
newfstatat(6, "expr", {st_mode=S_IFREG|0755, st_size=43432, ...}, AT_SYMLINK_NOFOLLOW) = 0
newfstatat(6, "sprof", {st_mode=S_IFREG|0755, st_size=35264, ...}, AT_SYMLINK_NOFOLLOW) = 0
newfstatat(6, "reset", {st_mode=S_IFLNK|0777, st_size=4, ...}, AT_SYMLINK_NOFOLLOW) = 0
readlinkat(5, "//usr/bin/reset", "tset", 4096) = 4
newfstatat(6, "plymouth", {st_mode=S_IFREG|0755, st_size=47408, ...}, AT_SYMLINK_NOFOLLOW) = 0
newfstatat(6, "pygettext3", {st_mode=S_IFLNK|0777, st_size=13, ...}, AT_SYMLINK_NOFOLLOW) = 0
readlinkat(5, "//usr/bin/pygettext3", "pygettext3.12", 4096) = 13
newfstatat(6, "catman", {st_mode=S_IFREG|0755, st_size=31504, ...}, AT_SYMLINK_NOFOLLOW) = 0
newfstatat(6, "pydoc3", {st_mode=S_IFLNK|0777, st_size=9, ...}, AT_SYMLINK_NOFOLLOW) = 0
readlinkat(5, "//usr/bin/pydoc3", "pydoc3.12", 4096) = 9
newfstatat(6, "tclsh8.6", {st_mode=S_IFREG|0755, st_size=14488, ...}, AT_SYMLINK_NOFOLLOW) = 0
newfstatat(6, "mount", {st_mode=S_IFREG|S_ISUID|0755, st_size=51584, ...}, AT_SYMLINK_NOFOLLOW) = 0
newfstatat(6, "mesg", {st_mode=S_IFREG|0755, st_size=14720, ...}, AT_SYMLINK_NOFOLLOW) = 0
newfstatat(6, "gprof", {st_mode=S_IFLNK|0777, st_size=22, ...}, AT_SYMLINK_NOFOLLOW) = 0
readlinkat(5, "//usr/bin/gprof", "x86_64-linux-gnu-gprof", 4096) = 22
newfstatat(6, "ubuntu-security-status", {st_mode=S_IFREG|0755, st_size=22783, ...}, AT_SYMLINK_NOFOLLOW) = 0
newfstatat(6, "ec2metadata", {st_mode=S_IFREG|0755, st_size=8583, ...}, AT_SYMLINK_NOFOLLOW) = 0
newfstatat(6, "sg_referrals", {st_mode=S_IFREG|0755, st_size=15016, ...}, AT_SYMLINK_NOFOLLOW) = 0
newfstatat(6, "ssh-agent", {st_mode=S_IFREG|S_ISGID|0755, st_size=309688, ...}, AT_SYMLINK_NOFOLLOW) = 0
newfstatat(6, "cpupower", {st_mode=S_IFREG|0755, st_size=1622, ...}, AT_SYMLINK_NOFOLLOW) = 0
newfstatat(6, "uuidgen", {st_mode=S_IFREG|0755, st_size=18816, ...}, AT_SYMLINK_NOFOLLOW) = 0
newfstatat(6, "xz", {st_mode=S_IFREG|0755, st_size=89008, ...}, AT_SYMLINK_NOFOLLOW) = 0
newfstatat(6, "conch3", {st_mode=S_IFREG|0755, st_size=225, ...}, AT_SYMLINK_NOFOLLOW) = 0
newfstatat(6, "vimtutor", {st_mode=S_IFREG|0755, st_size=2154, ...}, AT_SYMLINK_NOFOLLOW) = 0
newfstatat(6, "[", {st_mode=S_IFREG|0755, st_size=55744, ...}, AT_SYMLINK_NOFOLLOW) = 0
newfstatat(6, "sg_inq", {st_mode=S_IFREG|0755, st_size=118384, ...}, AT_SYMLINK_NOFOLLOW) = 0
newfstatat(6, "whiptail", {st_mode=S_IFREG|0755, st_size=30888, ...}, AT_SYMLINK_NOFOLLOW) = 0
newfstatat(6, "apt-cdrom", {st_mode=S_IFREG|0755, st_size=27104, ...}, AT_SYMLINK_NOFOLLOW) = 0
newfstatat(6, "apt-add-repository", {st_mode=S_IFLNK|0777, st_size=18, ...}, AT_SYMLINK_NOFOLLOW) = 0
readlinkat(5, "//usr/bin/apt-add-repository", "add-apt-repository", 4096) = 18
newfstatat(6, "tapestat", {st_mode=S_IFREG|0755, st_size=27072, ...}, AT_SYMLINK_NOFOLLOW) = 0
newfstatat(6, "xauth", {st_mode=S_IFREG|0755, st_size=56280, ...}, AT_SYMLINK_NOFOLLOW) = 0
newfstatat(6, "systemd-ask-password", {st_mode=S_IFREG|0755, st_size=19024, ...}, AT_SYMLINK_NOFOLLOW) = 0
newfstatat(6, "vcs-run", {st_mode=S_IFREG|0755, st_size=6912, ...}, AT_SYMLINK_NOFOLLOW) = 0
newfstatat(6, "snapfuse", {st_mode=S_IFREG|0755, st_size=39144, ...}, AT_SYMLINK_NOFOLLOW) = 0
newfstatat(6, "x86_64-linux-gnu-gcc-ranlib-13", {st_mode=S_IFREG|0755, st_size=27216, ...}, AT_SYMLINK_NOFOLLOW) = 0
newfstatat(6, "sg_get_elem_status", {st_mode=S_IFREG|0755, st_size=27432, ...}, AT_SYMLINK_NOFOLLOW) = 0
newfstatat(6, "screendump", {st_mode=S_IFREG|0755, st_size=14640, ...}, AT_SYMLINK_NOFOLLOW) = 0
newfstatat(6, "os-prober", {st_mode=S_IFREG|0755, st_size=4527, ...}, AT_SYMLINK_NOFOLLOW) = 0
newfstatat(6, "sg_rbuf", {st_mode=S_IFREG|0755, st_size=23272, ...}, AT_SYMLINK_NOFOLLOW) = 0
newfstatat(6, "znew", {st_mode=S_IFREG|0755, st_size=4577, ...}, AT_SYMLINK_NOFOLLOW) = 0
newfstatat(6, "scsi_readcap", {st_mode=S_IFREG|0755, st_size=1327, ...}, AT_SYMLINK_NOFOLLOW) = 0
newfstatat(6, "hexdump", {st_mode=S_IFREG|0755, st_size=47504, ...}, AT_SYMLINK_NOFOLLOW) = 0
newfstatat(6, "run-one", {st_mode=S_IFREG|0755, st_size=3592, ...}, AT_SYMLINK_NOFOLLOW) = 0
getdents64(6, 0x2000003f4a38 /* 61 entries */, 2048) = 2040
newfstatat(6, "sg_sync", {st_mode=S_IFREG|0755, st_size=15016, ...}, AT_SYMLINK_NOFOLLOW) = 0
newfstatat(6, "qmicli", {st_mode=S_IFREG|0755, st_size=600928, ...}, AT_SYMLINK_NOFOLLOW) = 0
newfstatat(6, "pinentry-curses", {st_mode=S_IFREG|0755, st_size=60056, ...}, AT_SYMLINK_NOFOLLOW) = 0
newfstatat(6, "automat-visualize3", {st_mode=S_IFREG|0755, st_size=984, ...}, AT_SYMLINK_NOFOLLOW) = 0
newfstatat(6, "rview", {st_mode=S_IFLNK|0777, st_size=23, ...}, AT_SYMLINK_NOFOLLOW) = 0
readlinkat(5, "//usr/bin/rview", "/etc/alternatives/rview", 4096) = 23
newfstatat(6, "unattended-upgrades", {st_mode=S_IFLNK|0777, st_size=18, ...}, AT_SYMLINK_NOFOLLOW) = 0
readlinkat(5, "//usr/bin/unattended-upgrades", "unattended-upgrade", 4096) = 18
newfstatat(6, "git-upload-archive", {st_mode=S_IFLNK|0777, st_size=3, ...}, AT_SYMLINK_NOFOLLOW) = 0
readlinkat(5, "//usr/bin/git-upload-archive", "git", 4096) = 3
newfstatat(6, "byobu-disable-prompt", {st_mode=S_IFREG|0755, st_size=1341, ...}, AT_SYMLINK_NOFOLLOW) = 0
newfstatat(6, "x86_64-linux-gnu-g++", {st_mode=S_IFLNK|0777, st_size=23, ...}, AT_SYMLINK_NOFOLLOW) = 0
readlinkat(5, "//usr/bin/x86_64-linux-gnu-g++", "x86_64-linux-gnu-g++-13", 4096) = 23
newfstatat(6, "time", {st_mode=S_IFREG|0755, st_size=27160, ...}, AT_SYMLINK_NOFOLLOW) = 0
newfstatat(6, "man", {st_mode=S_IFREG|0755, st_size=128416, ...}, AT_SYMLINK_NOFOLLOW) = 0
newfstatat(6, "sg_dd", {st_mode=S_IFREG|0755, st_size=55632, ...}, AT_SYMLINK_NOFOLLOW) = 0
newfstatat(6, "psfgettable", {st_mode=S_IFLNK|0777, st_size=9, ...}, AT_SYMLINK_NOFOLLOW) = 0
readlinkat(5, "//usr/bin/psfgettable", "psfxtable", 4096) = 9
newfstatat(6, "col9", {st_mode=S_IFLNK|0777, st_size=4, ...}, AT_SYMLINK_NOFOLLOW) = 0
readlinkat(5, "//usr/bin/col9", "col1", 4096) = 4
newfstatat(6, "sg_read_block_limits", {st_mode=S_IFREG|0755, st_size=14888, ...}, AT_SYMLINK_NOFOLLOW) = 0
newfstatat(6, "mcookie", {st_mode=S_IFREG|0755, st_size=27080, ...}, AT_SYMLINK_NOFOLLOW) = 0
newfstatat(6, "ngettext", {st_mode=S_IFREG|0755, st_size=35200, ...}, AT_SYMLINK_NOFOLLOW) = 0
newfstatat(6, "ssh", {st_mode=S_IFREG|0755, st_size=846888, ...}, AT_SYMLINK_NOFOLLOW) = 0
newfstatat(6, "unattended-upgrade", {st_mode=S_IFREG|0755, st_size=99547, ...}, AT_SYMLINK_NOFOLLOW) = 0
newfstatat(6, "pager", {st_mode=S_IFLNK|0777, st_size=23, ...}, AT_SYMLINK_NOFOLLOW) = 0
readlinkat(5, "//usr/bin/pager", "/etc/alternatives/pager", 4096) = 23
newfstatat(6, "man-recode", {st_mode=S_IFREG|0755, st_size=36248, ...}, AT_SYMLINK_NOFOLLOW) = 0
newfstatat(6, "numastat", {st_mode=S_IFREG|0755, st_size=36416, ...}, AT_SYMLINK_NOFOLLOW) = 0
newfstatat(6, "dpkg-genbuildinfo", {st_mode=S_IFREG|0755, st_size=18981, ...}, AT_SYMLINK_NOFOLLOW) = 0
newfstatat(6, "c99", {st_mode=S_IFLNK|0777, st_size=21, ...}, AT_SYMLINK_NOFOLLOW) = 0
readlinkat(5, "//usr/bin/c99", "/etc/alternatives/c99", 4096) = 21
newfstatat(6, "sync", {st_mode=S_IFREG|0755, st_size=35240, ...}, AT_SYMLINK_NOFOLLOW) = 0
newfstatat(6, "hwe-support-status", {st_mode=S_IFREG|0755, st_size=11511, ...}, AT_SYMLINK_NOFOLLOW) = 0
newfstatat(6, "openssl", {st_mode=S_IFREG|0755, st_size=1005368, ...}, AT_SYMLINK_NOFOLLOW) = 0
newfstatat(6, "systemd-machine-id-setup", {st_mode=S_IFREG|0755, st_size=19072, ...}, AT_SYMLINK_NOFOLLOW) = 0
newfstatat(6, "systemd-cgtop", {st_mode=S_IFREG|0755, st_size=39392, ...}, AT_SYMLINK_NOFOLLOW) = 0
newfstatat(6, "x86_64-linux-gnu-gcc-13", {st_mode=S_IFREG|0755, st_size=1023032, ...}, AT_SYMLINK_NOFOLLOW) = 0
newfstatat(6, "md5sum.textutils", {st_mode=S_IFLNK|0777, st_size=6, ...}, AT_SYMLINK_NOFOLLOW) = 0
readlinkat(5, "//usr/bin/md5sum.textutils", "md5sum", 4096) = 6
newfstatat(6, "cvtsudoers", {st_mode=S_IFREG|0755, st_size=328832, ...}, AT_SYMLINK_NOFOLLOW) = 0
newfstatat(6, "sg_rep_pip", {st_mode=S_IFREG|0755, st_size=14920, ...}, AT_SYMLINK_NOFOLLOW) = 0
newfstatat(6, "update-alternatives", {st_mode=S_IFREG|0755, st_size=59784, ...}, AT_SYMLINK_NOFOLLOW) = 0
newfstatat(6, "zstdmt", {st_mode=S_IFLNK|0777, st_size=4, ...}, AT_SYMLINK_NOFOLLOW) = 0
readlinkat(5, "//usr/bin/zstdmt", "zstd", 4096) = 4
newfstatat(6, "nawk", {st_mode=S_IFLNK|0777, st_size=22, ...}, AT_SYMLINK_NOFOLLOW) = 0
readlinkat(5, "//usr/bin/nawk", "/etc/alternatives/nawk", 4096) = 22
newfstatat(6, "sg", {st_mode=S_IFLNK|0777, st_size=6, ...}, AT_SYMLINK_NOFOLLOW) = 0
readlinkat(5, "//usr/bin/sg", "newgrp", 4096) = 6
newfstatat(6, "nc.openbsd", {st_mode=S_IFREG|0755, st_size=39560, ...}, AT_SYMLINK_NOFOLLOW) = 0
newfstatat(6, "boltctl", {st_mode=S_IFREG|0755, st_size=125792, ...}, AT_SYMLINK_NOFOLLOW) = 0
newfstatat(6, "zmore", {st_mode=S_IFREG|0755, st_size=1842, ...}, AT_SYMLINK_NOFOLLOW) = 0
newfstatat(6, "bzfgrep", {st_mode=S_IFLNK|0777, st_size=6, ...}, AT_SYMLINK_NOFOLLOW) = 0
readlinkat(5, "//usr/bin/bzfgrep", "bzgrep", 4096) = 6
newfstatat(6, "landscape-sysinfo", {st_mode=S_IFREG|0755, st_size=646, ...}, AT_SYMLINK_NOFOLLOW) = 0
newfstatat(6, "debconf-show", {st_mode=S_IFREG|0755, st_size=1825, ...}, AT_SYMLINK_NOFOLLOW) = 0
newfstatat(6, "btrfs", {st_mode=S_IFREG|0755, st_size=1025280, ...}, AT_SYMLINK_NOFOLLOW) = 0
newfstatat(6, "bpftrace", {st_mode=S_IFREG|0755, st_size=2250576, ...}, AT_SYMLINK_NOFOLLOW) = 0
newfstatat(6, "ckeygen3", {st_mode=S_IFREG|0755, st_size=227, ...}, AT_SYMLINK_NOFOLLOW) = 0
newfstatat(6, "printf", {st_mode=S_IFREG|0755, st_size=55744, ...}, AT_SYMLINK_NOFOLLOW) = 0
newfstatat(6, "mknod", {st_mode=S_IFREG|0755, st_size=43528, ...}, AT_SYMLINK_NOFOLLOW) = 0
newfstatat(6, "ld.bfd", {st_mode=S_IFLNK|0777, st_size=23, ...}, AT_SYMLINK_NOFOLLOW) = 0
readlinkat(5, "//usr/bin/ld.bfd", "x86_64-linux-gnu-ld.bfd", 4096) = 23
newfstatat(6, "rev", {st_mode=S_IFREG|0755, st_size=14720, ...}, AT_SYMLINK_NOFOLLOW) = 0
newfstatat(6, "iscsiadm", {st_mode=S_IFLNK|0777, st_size=14, ...}, AT_SYMLINK_NOFOLLOW) = 0
readlinkat(5, "//usr/bin/iscsiadm", "/sbin/iscsiadm", 4096) = 14
newfstatat(6, "captoinfo", {st_mode=S_IFLNK|0777, st_size=3, ...}, AT_SYMLINK_NOFOLLOW) = 0
readlinkat(5, "//usr/bin/captoinfo", "tic", 4096) = 3
newfstatat(6, "streamzip", {st_mode=S_IFREG|0755, st_size=8061, ...}, AT_SYMLINK_NOFOLLOW) = 0
newfstatat(6, "jsonschema", {st_mode=S_IFREG|0755, st_size=213, ...}, AT_SYMLINK_NOFOLLOW) = 0
newfstatat(6, "htop", {st_mode=S_IFREG|0755, st_size=379216, ...}, AT_SYMLINK_NOFOLLOW) = 0
newfstatat(6, "df", {st_mode=S_IFREG|0755, st_size=89168, ...}, AT_SYMLINK_NOFOLLOW) = 0
newfstatat(6, "x86_64-linux-gnu-gold", {st_mode=S_IFLNK|0777, st_size=24, ...}, AT_SYMLINK_NOFOLLOW) = 0
readlinkat(5, "//usr/bin/x86_64-linux-gnu-gold", "x86_64-linux-gnu-ld.gold", 4096) = 24
newfstatat(6, "systemd-inhibit", {st_mode=S_IFREG|0755, st_size=23008, ...}, AT_SYMLINK_NOFOLLOW) = 0
newfstatat(6, "apt-ftparchive", {st_mode=S_IFREG|0755, st_size=227816, ...}, AT_SYMLINK_NOFOLLOW) = 0
newfstatat(6, "sbsiglist", {st_mode=S_IFREG|0755, st_size=14952, ...}, AT_SYMLINK_NOFOLLOW) = 0
newfstatat(6, "usbreset", {st_mode=S_IFREG|0755, st_size=14640, ...}, AT_SYMLINK_NOFOLLOW) = 0
getdents64(6, 0x2000003f4a38 /* 61 entries */, 2048) = 2048
newfstatat(6, "chown", {st_mode=S_IFREG|0755, st_size=59912, ...}, AT_SYMLINK_NOFOLLOW) = 0
newfstatat(6, "bzegrep", {st_mode=S_IFLNK|0777, st_size=6, ...}, AT_SYMLINK_NOFOLLOW) = 0
readlinkat(5, "//usr/bin/bzegrep", "bzgrep", 4096) = 6
newfstatat(6, "sg_decode_sense", {st_mode=S_IFREG|0755, st_size=15112, ...}, AT_SYMLINK_NOFOLLOW) = 0
newfstatat(6, "jsonpointer", {st_mode=S_IFREG|0755, st_size=1838, ...}, AT_SYMLINK_NOFOLLOW) = 0
newfstatat(6, "pidstat", {st_mode=S_IFREG|0755, st_size=51656, ...}, AT_SYMLINK_NOFOLLOW) = 0
newfstatat(6, "setupcon", {st_mode=S_IFREG|0755, st_size=41025, ...}, AT_SYMLINK_NOFOLLOW) = 0
newfstatat(6, "sg_senddiag", {st_mode=S_IFREG|0755, st_size=27848, ...}, AT_SYMLINK_NOFOLLOW) = 0
newfstatat(6, "systemd-sysext", {st_mode=S_IFREG|0755, st_size=55952, ...}, AT_SYMLINK_NOFOLLOW) = 0
newfstatat(6, "grub-mount", {st_mode=S_IFREG|0755, st_size=698584, ...}, AT_SYMLINK_NOFOLLOW) = 0
newfstatat(6, "iconv", {st_mode=S_IFREG|0755, st_size=68072, ...}, AT_SYMLINK_NOFOLLOW) = 0
newfstatat(6, "c99-gcc", {st_mode=S_IFREG|0755, st_size=454, ...}, AT_SYMLINK_NOFOLLOW) = 0
newfstatat(6, "systemd-cgls", {st_mode=S_IFREG|0755, st_size=23112, ...}, AT_SYMLINK_NOFOLLOW) = 0
newfstatat(6, "dbus-daemon", {st_mode=S_IFREG|0755, st_size=236176, ...}, AT_SYMLINK_NOFOLLOW) = 0
newfstatat(6, "kmodsign", {st_mode=S_IFREG|0755, st_size=18888, ...}, AT_SYMLINK_NOFOLLOW) = 0
newfstatat(6, "sg_sat_set_features", {st_mode=S_IFREG|0755, st_size=19144, ...}, AT_SYMLINK_NOFOLLOW) = 0
newfstatat(6, "markdown-it", {st_mode=S_IFREG|0755, st_size=220, ...}, AT_SYMLINK_NOFOLLOW) = 0
newfstatat(6, "snapctl", {st_mode=S_IFLNK|0777, st_size=20, ...}, AT_SYMLINK_NOFOLLOW) = 0
readlinkat(5, "//usr/bin/snapctl", "../lib/snapd/snapctl", 4096) = 20
newfstatat(6, "sg_sat_identify", {st_mode=S_IFREG|0755, st_size=19176, ...}, AT_SYMLINK_NOFOLLOW) = 0
newfstatat(6, "perl5.38.2", {st_mode=S_IFREG|0755, st_size=4019312, ...}, AT_SYMLINK_NOFOLLOW) = 0
newfstatat(6, "dpkg-mergechangelogs", {st_mode=S_IFREG|0755, st_size=9082, ...}, AT_SYMLINK_NOFOLLOW) = 0
newfstatat(6, "dirmngr", {st_mode=S_IFREG|0755, st_size=485136, ...}, AT_SYMLINK_NOFOLLOW) = 0
newfstatat(6, "nisdomainname", {st_mode=S_IFLNK|0777, st_size=8, ...}, AT_SYMLINK_NOFOLLOW) = 0
readlinkat(5, "//usr/bin/nisdomainname", "hostname", 4096) = 8
newfstatat(6, "id", {st_mode=S_IFREG|0755, st_size=39432, ...}, AT_SYMLINK_NOFOLLOW) = 0
newfstatat(6, "x86_64-linux-gnu-cpp-13", {st_mode=S_IFREG|0755, st_size=1027128, ...}, AT_SYMLINK_NOFOLLOW) = 0
newfstatat(6, "mawk", {st_mode=S_IFREG|0755, st_size=170768, ...}, AT_SYMLINK_NOFOLLOW) = 0
newfstatat(6, "sg_ident", {st_mode=S_IFREG|0755, st_size=14952, ...}, AT_SYMLINK_NOFOLLOW) = 0
newfstatat(6, "networkd-dispatcher", {st_mode=S_IFREG|0755, st_size=20362, ...}, AT_SYMLINK_NOFOLLOW) = 0
newfstatat(6, "renice", {st_mode=S_IFREG|0755, st_size=14720, ...}, AT_SYMLINK_NOFOLLOW) = 0
newfstatat(6, "lesspipe", {st_mode=S_IFREG|0755, st_size=9047, ...}, AT_SYMLINK_NOFOLLOW) = 0
newfstatat(6, "grub-mkrelpath", {st_mode=S_IFREG|0755, st_size=266024, ...}, AT_SYMLINK_NOFOLLOW) = 0
newfstatat(6, "python3.12", {st_mode=S_IFREG|0755, st_size=8021824, ...}, AT_SYMLINK_NOFOLLOW) = 0
newfstatat(6, "deb-systemd-invoke", {st_mode=S_IFREG|0755, st_size=7135, ...}, AT_SYMLINK_NOFOLLOW) = 0
newfstatat(6, "sg_ses_microcode", {st_mode=S_IFREG|0755, st_size=28016, ...}, AT_SYMLINK_NOFOLLOW) = 0
newfstatat(6, "c89-gcc", {st_mode=S_IFREG|0755, st_size=428, ...}, AT_SYMLINK_NOFOLLOW) = 0
newfstatat(6, "ntfsfix", {st_mode=S_IFREG|0755, st_size=35208, ...}, AT_SYMLINK_NOFOLLOW) = 0
newfstatat(6, "x86_64-linux-gnu-lto-dump-13", {st_mode=S_IFREG|0755, st_size=29352592, ...}, AT_SYMLINK_NOFOLLOW) = 0
newfstatat(6, "sed", {st_mode=S_IFREG|0755, st_size=113224, ...}, AT_SYMLINK_NOFOLLOW) = 0
newfstatat(6, "g++-13", {st_mode=S_IFLNK|0777, st_size=23, ...}, AT_SYMLINK_NOFOLLOW) = 0
readlinkat(5, "//usr/bin/g++-13", "x86_64-linux-gnu-g++-13", 4096) = 23
newfstatat(6, "skill", {st_mode=S_IFREG|0755, st_size=27048, ...}, AT_SYMLINK_NOFOLLOW) = 0
newfstatat(6, "x86_64-linux-gnu-gp-collect-app", {st_mode=S_IFREG|0755, st_size=178552, ...}, AT_SYMLINK_NOFOLLOW) = 0
newfstatat(6, "pic", {st_mode=S_IFREG|0755, st_size=200768, ...}, AT_SYMLINK_NOFOLLOW) = 0
newfstatat(6, "x86_64-linux-gnu-gprofng", {st_mode=S_IFREG|0755, st_size=141672, ...}, AT_SYMLINK_NOFOLLOW) = 0
newfstatat(6, "tbl", {st_mode=S_IFREG|0755, st_size=137704, ...}, AT_SYMLINK_NOFOLLOW) = 0
newfstatat(6, "vi", {st_mode=S_IFLNK|0777, st_size=20, ...}, AT_SYMLINK_NOFOLLOW) = 0
readlinkat(5, "//usr/bin/vi", "/etc/alternatives/vi", 4096) = 20
newfstatat(6, "varlinkctl", {st_mode=S_IFREG|0755, st_size=31176, ...}, AT_SYMLINK_NOFOLLOW) = 0
newfstatat(6, "lessfile", {st_mode=S_IFLNK|0777, st_size=8, ...}, AT_SYMLINK_NOFOLLOW) = 0
readlinkat(5, "//usr/bin/lessfile", "lesspipe", 4096) = 8
newfstatat(6, "chrt", {st_mode=S_IFREG|0755, st_size=31104, ...}, AT_SYMLINK_NOFOLLOW) = 0
newfstatat(6, "screen", {st_mode=S_IFREG|0755, st_size=489720, ...}, AT_SYMLINK_NOFOLLOW) = 0
newfstatat(6, "cut", {st_mode=S_IFREG|0755, st_size=39432, ...}, AT_SYMLINK_NOFOLLOW) = 0
newfstatat(6, "byobu-select-session", {st_mode=S_IFREG|0755, st_size=1012, ...}, AT_SYMLINK_NOFOLLOW) = 0
newfstatat(6, "x86_64-linux-gnu-gprof", {st_mode=S_IFREG|0755, st_size=102184, ...}, AT_SYMLINK_NOFOLLOW) = 0
newfstatat(6, "scp", {st_mode=S_IFREG|0755, st_size=137816, ...}, AT_SYMLINK_NOFOLLOW) = 0
newfstatat(6, "hostname", {st_mode=S_IFREG|0755, st_size=22760, ...}, AT_SYMLINK_NOFOLLOW) = 0
newfstatat(6, "systemd-confext", {st_mode=S_IFLNK|0777, st_size=14, ...}, AT_SYMLINK_NOFOLLOW) = 0
readlinkat(5, "//usr/bin/systemd-confext", "systemd-sysext", 4096) = 14
newfstatat(6, "getopt", {st_mode=S_IFREG|0755, st_size=22912, ...}, AT_SYMLINK_NOFOLLOW) = 0
newfstatat(6, "paste", {st_mode=S_IFREG|0755, st_size=39336, ...}, AT_SYMLINK_NOFOLLOW) = 0
newfstatat(6, "ucf", {st_mode=S_IFREG|0755, st_size=41657, ...}, AT_SYMLINK_NOFOLLOW) = 0
newfstatat(6, "wc", {st_mode=S_IFREG|0755, st_size=55824, ...}, AT_SYMLINK_NOFOLLOW) = 0
newfstatat(6, "rbash", {st_mode=S_IFLNK|0777, st_size=4, ...}, AT_SYMLINK_NOFOLLOW) = 0
readlinkat(5, "//usr/bin/rbash", "bash", 4096) = 4
newfstatat(6, "ed", {st_mode=S_IFREG|0755, st_size=59960, ...}, AT_SYMLINK_NOFOLLOW) = 0
newfstatat(6, "grub-ntldr-img", {st_mode=S_IFLNK|0777, st_size=34, ...}, AT_SYMLINK_NOFOLLOW) = 0
readlinkat(5, "//usr/bin/grub-ntldr-img", "../lib/grub/i386-pc/grub-ntldr-i"..., 4096) = 34
getdents64(6, 0x2000003f4a38 /* 62 entries */, 2048) = 2024
newfstatat(6, "VGAuthService", {st_mode=S_IFREG|0755, st_size=133672, ...}, AT_SYMLINK_NOFOLLOW) = 0
newfstatat(6, "x86_64-linux-gnu-dwp", {st_mode=S_IFREG|0755, st_size=1961344, ...}, AT_SYMLINK_NOFOLLOW) = 0
newfstatat(6, "printenv", {st_mode=S_IFREG|0755, st_size=35208, ...}, AT_SYMLINK_NOFOLLOW) = 0
newfstatat(6, "bash", {st_mode=S_IFREG|0755, st_size=1446024, ...}, AT_SYMLINK_NOFOLLOW) = 0
newfstatat(6, "locale-check", {st_mode=S_IFREG|0755, st_size=14488, ...}, AT_SYMLINK_NOFOLLOW) = 0
newfstatat(6, "fusermount", {st_mode=S_IFLNK|0777, st_size=11, ...}, AT_SYMLINK_NOFOLLOW) = 0
readlinkat(5, "//usr/bin/fusermount", "fusermount3", 4096) = 11
newfstatat(6, "ptx", {st_mode=S_IFREG|0755, st_size=55848, ...}, AT_SYMLINK_NOFOLLOW) = 0
newfstatat(6, "resizecons", {st_mode=S_IFREG|0755, st_size=27096, ...}, AT_SYMLINK_NOFOLLOW) = 0
newfstatat(6, "sotruss", {st_mode=S_IFREG|0755, st_size=4308, ...}, AT_SYMLINK_NOFOLLOW) = 0
newfstatat(6, "gold", {st_mode=S_IFLNK|0777, st_size=21, ...}, AT_SYMLINK_NOFOLLOW) = 0
readlinkat(5, "//usr/bin/gold", "x86_64-linux-gnu-gold", 4096) = 21
newfstatat(6, "zstdless", {st_mode=S_IFREG|0755, st_size=197, ...}, AT_SYMLINK_NOFOLLOW) = 0
newfstatat(6, "zstdcat", {st_mode=S_IFLNK|0777, st_size=4, ...}, AT_SYMLINK_NOFOLLOW) = 0
readlinkat(5, "//usr/bin/zstdcat", "zstd", 4096) = 4
newfstatat(6, "debconf-copydb", {st_mode=S_IFREG|0755, st_size=1718, ...}, AT_SYMLINK_NOFOLLOW) = 0
newfstatat(6, "ld", {st_mode=S_IFLNK|0777, st_size=19, ...}, AT_SYMLINK_NOFOLLOW) = 0
readlinkat(5, "//usr/bin/ld", "x86_64-linux-gnu-ld", 4096) = 19
newfstatat(6, "savelog", {st_mode=S_IFREG|0755, st_size=10487, ...}, AT_SYMLINK_NOFOLLOW) = 0
newfstatat(6, "dash", {st_mode=S_IFREG|0755, st_size=129784, ...}, AT_SYMLINK_NOFOLLOW) = 0
newfstatat(6, "setfont", {st_mode=S_IFREG|0755, st_size=55768, ...}, AT_SYMLINK_NOFOLLOW) = 0
newfstatat(6, "systemd-socket-activate", {st_mode=S_IFREG|0755, st_size=31176, ...}, AT_SYMLINK_NOFOLLOW) = 0
newfstatat(6, "colrm", {st_mode=S_IFREG|0755, st_size=14728, ...}, AT_SYMLINK_NOFOLLOW) = 0
newfstatat(6, "objdump", {st_mode=S_IFLNK|0777, st_size=24, ...}, AT_SYMLINK_NOFOLLOW) = 0
readlinkat(5, "//usr/bin/objdump", "x86_64-linux-gnu-objdump", 4096) = 24
newfstatat(6, "linux-version", {st_mode=S_IFREG|0755, st_size=2698, ...}, AT_SYMLINK_NOFOLLOW) = 0
newfstatat(6, "systemd-tty-ask-password-agent", {st_mode=S_IFREG|0755, st_size=35272, ...}, AT_SYMLINK_NOFOLLOW) = 0
newfstatat(6, "zforce", {st_mode=S_IFREG|0755, st_size=2081, ...}, AT_SYMLINK_NOFOLLOW) = 0
newfstatat(6, "col7", {st_mode=S_IFLNK|0777, st_size=4, ...}, AT_SYMLINK_NOFOLLOW) = 0
readlinkat(5, "//usr/bin/col7", "col1", 4096) = 4
newfstatat(6, "x86_64-linux-gnu-gcov", {st_mode=S_IFLNK|0777, st_size=24, ...}, AT_SYMLINK_NOFOLLOW) = 0
readlinkat(5, "//usr/bin/x86_64-linux-gnu-gcov", "x86_64-linux-gnu-gcov-13", 4096) = 24
newfstatat(6, "btrfs-image", {st_mode=S_IFREG|0755, st_size=565552, ...}, AT_SYMLINK_NOFOLLOW) = 0
newfstatat(6, "sg_start", {st_mode=S_IFREG|0755, st_size=19304, ...}, AT_SYMLINK_NOFOLLOW) = 0
newfstatat(6, "mdig", {st_mode=S_IFREG|0755, st_size=51608, ...}, AT_SYMLINK_NOFOLLOW) = 0
newfstatat(6, "ntfssecaudit", {st_mode=S_IFREG|0755, st_size=80752, ...}, AT_SYMLINK_NOFOLLOW) = 0
newfstatat(6, "btrfs-map-logical", {st_mode=S_IFREG|0755, st_size=532784, ...}, AT_SYMLINK_NOFOLLOW) = 0
newfstatat(6, "vmware-xferlogs", {st_mode=S_IFREG|0755, st_size=33104, ...}, AT_SYMLINK_NOFOLLOW) = 0
newfstatat(6, "setmetamode", {st_mode=S_IFREG|0755, st_size=14752, ...}, AT_SYMLINK_NOFOLLOW) = 0
newfstatat(6, "passwd", {st_mode=S_IFREG|S_ISUID|0755, st_size=64152, ...}, AT_SYMLINK_NOFOLLOW) = 0
newfstatat(6, "udisksctl", {st_mode=S_IFREG|0755, st_size=63872, ...}, AT_SYMLINK_NOFOLLOW) = 0
newfstatat(6, "slogin", {st_mode=S_IFLNK|0777, st_size=3, ...}, AT_SYMLINK_NOFOLLOW) = 0
readlinkat(5, "//usr/bin/slogin", "ssh", 4096) = 3
newfstatat(6, "mountpoint", {st_mode=S_IFREG|0755, st_size=18816, ...}, AT_SYMLINK_NOFOLLOW) = 0
newfstatat(6, "script", {st_mode=S_IFREG|0755, st_size=55680, ...}, AT_SYMLINK_NOFOLLOW) = 0
newfstatat(6, "sg_read_attr", {st_mode=S_IFREG|0755, st_size=37528, ...}, AT_SYMLINK_NOFOLLOW) = 0
newfstatat(6, "xxd", {st_mode=S_IFREG|0755, st_size=22816, ...}, AT_SYMLINK_NOFOLLOW) = 0
newfstatat(6, "routel", {st_mode=S_IFREG|0755, st_size=1658, ...}, AT_SYMLINK_NOFOLLOW) = 0
newfstatat(6, "lexgrog", {st_mode=S_IFREG|0755, st_size=101896, ...}, AT_SYMLINK_NOFOLLOW) = 0
newfstatat(6, "split", {st_mode=S_IFREG|0755, st_size=56256, ...}, AT_SYMLINK_NOFOLLOW) = 0
newfstatat(6, "twist3", {st_mode=S_IFREG|0755, st_size=239, ...}, AT_SYMLINK_NOFOLLOW) = 0
newfstatat(6, "sg_sat_read_gplog", {st_mode=S_IFREG|0755, st_size=19176, ...}, AT_SYMLINK_NOFOLLOW) = 0
newfstatat(6, "busybox", {st_mode=S_IFREG|0755, st_size=2124608, ...}, AT_SYMLINK_NOFOLLOW) = 0
newfstatat(6, "bzexe", {st_mode=S_IFREG|0755, st_size=4893, ...}, AT_SYMLINK_NOFOLLOW) = 0
newfstatat(6, "tload", {st_mode=S_IFREG|0755, st_size=22928, ...}, AT_SYMLINK_NOFOLLOW) = 0
newfstatat(6, "nstat", {st_mode=S_IFREG|0755, st_size=31104, ...}, AT_SYMLINK_NOFOLLOW) = 0
newfstatat(6, "link", {st_mode=S_IFREG|0755, st_size=35336, ...}, AT_SYMLINK_NOFOLLOW) = 0
newfstatat(6, "sg_write_buffer", {st_mode=S_IFREG|0755, st_size=27888, ...}, AT_SYMLINK_NOFOLLOW) = 0
newfstatat(6, "crontab", {st_mode=S_IFREG|S_ISGID|0755, st_size=39664, ...}, AT_SYMLINK_NOFOLLOW) = 0
newfstatat(6, "vmhgfs-fuse", {st_mode=S_IFREG|0755, st_size=47848, ...}, AT_SYMLINK_NOFOLLOW) = 0
newfstatat(6, "byobu-prompt", {st_mode=S_IFREG|0755, st_size=1156, ...}, AT_SYMLINK_NOFOLLOW) = 0
newfstatat(6, "comm", {st_mode=S_IFREG|0755, st_size=39440, ...}, AT_SYMLINK_NOFOLLOW) = 0
newfstatat(6, "sg_logs", {st_mode=S_IFREG|0755, st_size=150456, ...}, AT_SYMLINK_NOFOLLOW) = 0
newfstatat(6, "py3versions", {st_mode=S_IFLNK|0777, st_size=31, ...}, AT_SYMLINK_NOFOLLOW) = 0
readlinkat(5, "//usr/bin/py3versions", "../share/python3/py3versions.py", 4096) = 31
newfstatat(6, "mk_modmap", {st_mode=S_IFREG|0755, st_size=16163, ...}, AT_SYMLINK_NOFOLLOW) = 0
newfstatat(6, "strace-log-merge", {st_mode=S_IFREG|0755, st_size=1821, ...}, AT_SYMLINK_NOFOLLOW) = 0
newfstatat(6, "sg_stream_ctl", {st_mode=S_IFREG|0755, st_size=19144, ...}, AT_SYMLINK_NOFOLLOW) = 0
newfstatat(6, "su", {st_mode=S_IFREG|S_ISUID|0755, st_size=55680, ...}, AT_SYMLINK_NOFOLLOW) = 0
newfstatat(6, "lzless", {st_mode=S_IFLNK|0777, st_size=24, ...}, AT_SYMLINK_NOFOLLOW) = 0
readlinkat(5, "//usr/bin/lzless", "/etc/alternatives/lzless", 4096) = 24
newfstatat(6, "gpg", {st_mode=S_IFREG|0755, st_size=1147800, ...}, AT_SYMLINK_NOFOLLOW) = 0
getdents64(6, 0x2000003f4a38 /* 64 entries */, 2048) = 2040
newfstatat(6, "pdb3.12", {st_mode=S_IFLNK|0777, st_size=24, ...}, AT_SYMLINK_NOFOLLOW) = 0
readlinkat(5, "//usr/bin/pdb3.12", "../lib/python3.12/pdb.py", 4096) = 24
newfstatat(6, "pollinate", {st_mode=S_IFREG|0755, st_size=8744, ...}, AT_SYMLINK_NOFOLLOW) = 0
newfstatat(6, "taskset", {st_mode=S_IFREG|0755, st_size=31104, ...}, AT_SYMLINK_NOFOLLOW) = 0
newfstatat(6, "nproc", {st_mode=S_IFREG|0755, st_size=35336, ...}, AT_SYMLINK_NOFOLLOW) = 0
newfstatat(6, "realpath", {st_mode=S_IFREG|0755, st_size=43432, ...}, AT_SYMLINK_NOFOLLOW) = 0
newfstatat(6, "fwupdtool", {st_mode=S_IFREG|0755, st_size=112944, ...}, AT_SYMLINK_NOFOLLOW) = 0
newfstatat(6, "b2sum", {st_mode=S_IFREG|0755, st_size=55816, ...}, AT_SYMLINK_NOFOLLOW) = 0
newfstatat(6, "sh", {st_mode=S_IFLNK|0777, st_size=4, ...}, AT_SYMLINK_NOFOLLOW) = 0
readlinkat(5, "//usr/bin/sh", "dash", 4096) = 4
newfstatat(6, "ip", {st_mode=S_IFREG|0755, st_size=772856, ...}, AT_SYMLINK_NOFOLLOW) = 0
newfstatat(6, "x86_64-linux-gnu-gcc-nm", {st_mode=S_IFLNK|0777, st_size=26, ...}, AT_SYMLINK_NOFOLLOW) = 0
readlinkat(5, "//usr/bin/x86_64-linux-gnu-gcc-nm", "x86_64-linux-gnu-gcc-nm-13", 4096) = 26
newfstatat(6, "grub-file", {st_mode=S_IFREG|0755, st_size=759688, ...}, AT_SYMLINK_NOFOLLOW) = 0
newfstatat(6, "grub-menulst2cfg", {st_mode=S_IFREG|0755, st_size=85192, ...}, AT_SYMLINK_NOFOLLOW) = 0
newfstatat(6, "grops", {st_mode=S_IFREG|0755, st_size=166456, ...}, AT_SYMLINK_NOFOLLOW) = 0
newfstatat(6, "fuser", {st_mode=S_IFREG|0755, st_size=40288, ...}, AT_SYMLINK_NOFOLLOW) = 0
newfstatat(6, "ntfsusermap", {st_mode=S_IFREG|0755, st_size=18736, ...}, AT_SYMLINK_NOFOLLOW) = 0
newfstatat(6, "rdma", {st_mode=S_IFREG|0755, st_size=104976, ...}, AT_SYMLINK_NOFOLLOW) = 0
newfstatat(6, "ntfswipe", {st_mode=S_IFREG|0755, st_size=48032, ...}, AT_SYMLINK_NOFOLLOW) = 0
newfstatat(6, "basename", {st_mode=S_IFREG|0755, st_size=35336, ...}, AT_SYMLINK_NOFOLLOW) = 0
newfstatat(6, "pathchk", {st_mode=S_IFREG|0755, st_size=35336, ...}, AT_SYMLINK_NOFOLLOW) = 0
newfstatat(6, "vmware-hgfsclient", {st_mode=S_IFREG|0755, st_size=14720, ...}, AT_SYMLINK_NOFOLLOW) = 0
newfstatat(6, "sbvarsign", {st_mode=S_IFREG|0755, st_size=23280, ...}, AT_SYMLINK_NOFOLLOW) = 0
newfstatat(6, "whereis", {st_mode=S_IFREG|0755, st_size=31576, ...}, AT_SYMLINK_NOFOLLOW) = 0
newfstatat(6, "red", {st_mode=S_IFREG|0755, st_size=89, ...}, AT_SYMLINK_NOFOLLOW) = 0
newfstatat(6, "snap", {st_mode=S_IFREG|0755, st_size=18728376, ...}, AT_SYMLINK_NOFOLLOW) = 0
newfstatat(6, "nano", {st_mode=S_IFREG|0755, st_size=279040, ...}, AT_SYMLINK_NOFOLLOW) = 0
newfstatat(6, "pstree", {st_mode=S_IFREG|0755, st_size=36168, ...}, AT_SYMLINK_NOFOLLOW) = 0
newfstatat(6, "lsmod", {st_mode=S_IFLNK|0777, st_size=4, ...}, AT_SYMLINK_NOFOLLOW) = 0
readlinkat(5, "//usr/bin/lsmod", "kmod", 4096) = 4
newfstatat(6, "vmware-vmblock-fuse", {st_mode=S_IFREG|0755, st_size=23328, ...}, AT_SYMLINK_NOFOLLOW) = 0
newfstatat(6, "debconf-escape", {st_mode=S_IFREG|0755, st_size=668, ...}, AT_SYMLINK_NOFOLLOW) = 0
newfstatat(6, "make", {st_mode=S_IFREG|0755, st_size=259808, ...}, AT_SYMLINK_NOFOLLOW) = 0
newfstatat(6, "sha512sum", {st_mode=S_IFREG|0755, st_size=39336, ...}, AT_SYMLINK_NOFOLLOW) = 0
newfstatat(6, "bzless", {st_mode=S_IFLNK|0777, st_size=6, ...}, AT_SYMLINK_NOFOLLOW) = 0
readlinkat(5, "//usr/bin/bzless", "bzmore", 4096) = 6
newfstatat(6, "dpkg-maintscript-helper", {st_mode=S_IFREG|0755, st_size=21205, ...}, AT_SYMLINK_NOFOLLOW) = 0
newfstatat(6, "libnetcfg", {st_mode=S_IFREG|0755, st_size=15778, ...}, AT_SYMLINK_NOFOLLOW) = 0
newfstatat(6, "faillog", {st_mode=S_IFREG|0755, st_size=23168, ...}, AT_SYMLINK_NOFOLLOW) = 0
newfstatat(6, "ul", {st_mode=S_IFREG|0755, st_size=22920, ...}, AT_SYMLINK_NOFOLLOW) = 0
newfstatat(6, "byobu-export", {st_mode=S_IFREG|0755, st_size=1421, ...}, AT_SYMLINK_NOFOLLOW) = 0
newfstatat(6, "lzmainfo", {st_mode=S_IFREG|0755, st_size=14720, ...}, AT_SYMLINK_NOFOLLOW) = 0
newfstatat(6, "linux32", {st_mode=S_IFLNK|0777, st_size=7, ...}, AT_SYMLINK_NOFOLLOW) = 0
readlinkat(5, "//usr/bin/linux32", "setarch", 4096) = 7
newfstatat(6, "zcmp", {st_mode=S_IFREG|0755, st_size=1678, ...}, AT_SYMLINK_NOFOLLOW) = 0
newfstatat(6, "cloud-init-per", {st_mode=S_IFREG|0755, st_size=2108, ...}, AT_SYMLINK_NOFOLLOW) = 0
newfstatat(6, "ionice", {st_mode=S_IFREG|0755, st_size=18816, ...}, AT_SYMLINK_NOFOLLOW) = 0
newfstatat(6, "sg_luns", {st_mode=S_IFREG|0755, st_size=23336, ...}, AT_SYMLINK_NOFOLLOW) = 0
newfstatat(6, "ua", {st_mode=S_IFLNK|0777, st_size=16, ...}, AT_SYMLINK_NOFOLLOW) = 0
readlinkat(5, "//usr/bin/ua", "ubuntu-advantage", 4096) = 16
newfstatat(6, "ld.so", {st_mode=S_IFLNK|0777, st_size=29, ...}, AT_SYMLINK_NOFOLLOW) = 0
readlinkat(5, "//usr/bin/ld.so", "../lib64/ld-linux-x86-64.so.2", 4096) = 29
newfstatat(6, "python3", {st_mode=S_IFLNK|0777, st_size=10, ...}, AT_SYMLINK_NOFOLLOW) = 0
readlinkat(5, "//usr/bin/python3", "python3.12", 4096) = 10
newfstatat(6, "chvt", {st_mode=S_IFREG|0755, st_size=14712, ...}, AT_SYMLINK_NOFOLLOW) = 0
newfstatat(6, "sg_rtpg", {st_mode=S_IFREG|0755, st_size=14952, ...}, AT_SYMLINK_NOFOLLOW) = 0
newfstatat(6, "lspower", {st_mode=S_IFREG|0755, st_size=1207, ...}, AT_SYMLINK_NOFOLLOW) = 0
newfstatat(6, "bzgrep", {st_mode=S_IFREG|0755, st_size=3775, ...}, AT_SYMLINK_NOFOLLOW) = 0
newfstatat(6, "usbipd", {st_mode=S_IFREG|0755, st_size=1622, ...}, AT_SYMLINK_NOFOLLOW) = 0
newfstatat(6, "byobu-disable", {st_mode=S_IFREG|0755, st_size=1295, ...}, AT_SYMLINK_NOFOLLOW) = 0
newfstatat(6, "dpkg-architecture", {st_mode=S_IFREG|0755, st_size=15202, ...}, AT_SYMLINK_NOFOLLOW) = 0
newfstatat(6, "memusage", {st_mode=S_IFREG|0755, st_size=7495, ...}, AT_SYMLINK_NOFOLLOW) = 0
newfstatat(6, "fallocate", {st_mode=S_IFREG|0755, st_size=27008, ...}, AT_SYMLINK_NOFOLLOW) = 0
newfstatat(6, "sgp_dd", {st_mode=S_IFREG|0755, st_size=47424, ...}, AT_SYMLINK_NOFOLLOW) = 0
newfstatat(6, "fakeroot", {st_mode=S_IFLNK|0777, st_size=26, ...}, AT_SYMLINK_NOFOLLOW) = 0
readlinkat(5, "//usr/bin/fakeroot", "/etc/alternatives/fakeroot", 4096) = 26
newfstatat(6, "unicode_stop", {st_mode=S_IFREG|0755, st_size=528, ...}, AT_SYMLINK_NOFOLLOW) = 0
newfstatat(6, "xzcmp", {st_mode=S_IFLNK|0777, st_size=6, ...}, AT_SYMLINK_NOFOLLOW) = 0
readlinkat(5, "//usr/bin/xzcmp", "xzdiff", 4096) = 6
newfstatat(6, "patch", {st_mode=S_IFREG|0755, st_size=186896, ...}, AT_SYMLINK_NOFOLLOW) = 0
newfstatat(6, "lzma", {st_mode=S_IFLNK|0777, st_size=22, ...}, AT_SYMLINK_NOFOLLOW) = 0
readlinkat(5, "//usr/bin/lzma", "/etc/alternatives/lzma", 4096) = 22
newfstatat(6, "sg_ses", {st_mode=S_IFREG|0755, st_size=122848, ...}, AT_SYMLINK_NOFOLLOW) = 0
newfstatat(6, "tracepath", {st_mode=S_IFREG|0755, st_size=18584, ...}, AT_SYMLINK_NOFOLLOW) = 0
newfstatat(6, "setpriv", {st_mode=S_IFREG|0755, st_size=39304, ...}, AT_SYMLINK_NOFOLLOW) = 0
getdents64(6, 0x2000003f4a38 /* 63 entries */, 2048) = 2024
newfstatat(6, "sg_get_lba_status", {st_mode=S_IFREG|0755, st_size=23496, ...}, AT_SYMLINK_NOFOLLOW) = 0
newfstatat(6, "scalar", {st_mode=S_IFREG|0755, st_size=684992, ...}, AT_SYMLINK_NOFOLLOW) = 0
newfstatat(6, "git-upload-pack", {st_mode=S_IFLNK|0777, st_size=3, ...}, AT_SYMLINK_NOFOLLOW) = 0
readlinkat(5, "//usr/bin/git-upload-pack", "git", 4096) = 3
newfstatat(6, "xzmore", {st_mode=S_IFREG|0755, st_size=2190, ...}, AT_SYMLINK_NOFOLLOW) = 0
newfstatat(6, "pinentry", {st_mode=S_IFLNK|0777, st_size=26, ...}, AT_SYMLINK_NOFOLLOW) = 0
readlinkat(5, "//usr/bin/pinentry", "/etc/alternatives/pinentry", 4096) = 26
newfstatat(6, "zipdetails", {st_mode=S_IFREG|0755, st_size=70193, ...}, AT_SYMLINK_NOFOLLOW) = 0
newfstatat(6, "run-one-until-failure", {st_mode=S_IFLNK|0777, st_size=7, ...}, AT_SYMLINK_NOFOLLOW) = 0
readlinkat(5, "//usr/bin/run-one-until-failure", "run-one", 4096) = 7
newfstatat(6, "tar", {st_mode=S_IFREG|0755, st_size=432048, ...}, AT_SYMLINK_NOFOLLOW) = 0
newfstatat(6, "lsns", {st_mode=S_IFREG|0755, st_size=43400, ...}, AT_SYMLINK_NOFOLLOW) = 0
newfstatat(6, "sg_scan", {st_mode=S_IFREG|0755, st_size=18824, ...}, AT_SYMLINK_NOFOLLOW) = 0
newfstatat(6, "cpp", {st_mode=S_IFLNK|0777, st_size=6, ...}, AT_SYMLINK_NOFOLLOW) = 0
readlinkat(5, "//usr/bin/cpp", "cpp-13", 4096) = 6
newfstatat(6, "sum", {st_mode=S_IFREG|0755, st_size=35240, ...}, AT_SYMLINK_NOFOLLOW) = 0
newfstatat(6, "nc", {st_mode=S_IFLNK|0777, st_size=20, ...}, AT_SYMLINK_NOFOLLOW) = 0
readlinkat(5, "//usr/bin/nc", "/etc/alternatives/nc", 4096) = 20
newfstatat(6, "shasum", {st_mode=S_IFREG|0755, st_size=9982, ...}, AT_SYMLINK_NOFOLLOW) = 0
newfstatat(6, "dpkg-buildflags", {st_mode=S_IFREG|0755, st_size=8334, ...}, AT_SYMLINK_NOFOLLOW) = 0
newfstatat(6, "ischroot", {st_mode=S_IFREG|0755, st_size=14824, ...}, AT_SYMLINK_NOFOLLOW) = 0
newfstatat(6, "byobu-layout", {st_mode=S_IFREG|0755, st_size=3348, ...}, AT_SYMLINK_NOFOLLOW) = 0
newfstatat(6, "stty", {st_mode=S_IFREG|0755, st_size=80408, ...}, AT_SYMLINK_NOFOLLOW) = 0
newfstatat(6, "byobu-enable-prompt", {st_mode=S_IFREG|0755, st_size=1453, ...}, AT_SYMLINK_NOFOLLOW) = 0
newfstatat(6, "dnsdomainname", {st_mode=S_IFLNK|0777, st_size=8, ...}, AT_SYMLINK_NOFOLLOW) = 0
readlinkat(5, "//usr/bin/dnsdomainname", "hostname", 4096) = 8
newfstatat(6, "ypdomainname", {st_mode=S_IFLNK|0777, st_size=8, ...}, AT_SYMLINK_NOFOLLOW) = 0
readlinkat(5, "//usr/bin/ypdomainname", "hostname", 4096) = 8
newfstatat(6, "cloud-id", {st_mode=S_IFREG|0755, st_size=972, ...}, AT_SYMLINK_NOFOLLOW) = 0
newfstatat(6, "trace-cmd", {st_mode=S_IFREG|0755, st_size=445856, ...}, AT_SYMLINK_NOFOLLOW) = 0
newfstatat(6, "md5sum", {st_mode=S_IFREG|0755, st_size=39336, ...}, AT_SYMLINK_NOFOLLOW) = 0
newfstatat(6, "sg_safte", {st_mode=S_IFREG|0755, st_size=23240, ...}, AT_SYMLINK_NOFOLLOW) = 0
newfstatat(6, "debconf-communicate", {st_mode=S_IFREG|0755, st_size=623, ...}, AT_SYMLINK_NOFOLLOW) = 0
newfstatat(6, "mpstat", {st_mode=S_IFREG|0755, st_size=51656, ...}, AT_SYMLINK_NOFOLLOW) = 0
newfstatat(6, "dpkg-buildapi", {st_mode=S_IFREG|0755, st_size=1835, ...}, AT_SYMLINK_NOFOLLOW) = 0
newfstatat(6, "uuidparse", {st_mode=S_IFREG|0755, st_size=22912, ...}, AT_SYMLINK_NOFOLLOW) = 0
newfstatat(6, "bzip2", {st_mode=S_IFREG|0755, st_size=39296, ...}, AT_SYMLINK_NOFOLLOW) = 0
newfstatat(6, "login", {st_mode=S_IFREG|0755, st_size=53056, ...}, AT_SYMLINK_NOFOLLOW) = 0
newfstatat(6, "hostnamectl", {st_mode=S_IFREG|0755, st_size=31184, ...}, AT_SYMLINK_NOFOLLOW) = 0
newfstatat(6, "expand", {st_mode=S_IFREG|0755, st_size=35360, ...}, AT_SYMLINK_NOFOLLOW) = 0
newfstatat(6, "ps", {st_mode=S_IFREG|0755, st_size=146424, ...}, AT_SYMLINK_NOFOLLOW) = 0
newfstatat(6, "faked-tcp", {st_mode=S_IFREG|0755, st_size=35208, ...}, AT_SYMLINK_NOFOLLOW) = 0
newfstatat(6, "tee", {st_mode=S_IFREG|0755, st_size=39432, ...}, AT_SYMLINK_NOFOLLOW) = 0
newfstatat(6, "systemd-analyze", {st_mode=S_IFREG|0755, st_size=203624, ...}, AT_SYMLINK_NOFOLLOW) = 0
newfstatat(6, "migratepages", {st_mode=S_IFREG|0755, st_size=14720, ...}, AT_SYMLINK_NOFOLLOW) = 0
newfstatat(6, "mako-render", {st_mode=S_IFREG|0755, st_size=972, ...}, AT_SYMLINK_NOFOLLOW) = 0
newfstatat(6, "unmkinitramfs", {st_mode=S_IFREG|0755, st_size=3788, ...}, AT_SYMLINK_NOFOLLOW) = 0
newfstatat(6, "sg_sanitize", {st_mode=S_IFREG|0755, st_size=27656, ...}, AT_SYMLINK_NOFOLLOW) = 0
newfstatat(6, "rrsync", {st_mode=S_IFREG|0755, st_size=12639, ...}, AT_SYMLINK_NOFOLLOW) = 0
newfstatat(6, "sg_readcap", {st_mode=S_IFREG|0755, st_size=23336, ...}, AT_SYMLINK_NOFOLLOW) = 0
newfstatat(6, "NF", {st_mode=S_IFLNK|0777, st_size=4, ...}, AT_SYMLINK_NOFOLLOW) = 0
readlinkat(5, "//usr/bin/NF", "col1", 4096) = 4
newfstatat(6, "migrate-pubring-from-classic-gpg", {st_mode=S_IFREG|0755, st_size=3093, ...}, AT_SYMLINK_NOFOLLOW) = 0
newfstatat(6, "watchgnupg", {st_mode=S_IFREG|0755, st_size=22840, ...}, AT_SYMLINK_NOFOLLOW) = 0
newfstatat(6, "zsh5", {st_mode=S_IFREG|0755, st_size=852, ...}, AT_SYMLINK_NOFOLLOW) = 0
newfstatat(6, "sensible-editor", {st_mode=S_IFREG|0755, st_size=1556, ...}, AT_SYMLINK_NOFOLLOW) = 0
newfstatat(6, "showkey", {st_mode=S_IFREG|0755, st_size=18808, ...}, AT_SYMLINK_NOFOLLOW) = 0
newfstatat(6, "scsi_ready", {st_mode=S_IFREG|0755, st_size=1121, ...}, AT_SYMLINK_NOFOLLOW) = 0
newfstatat(6, "systemd", {st_mode=S_IFLNK|0777, st_size=22, ...}, AT_SYMLINK_NOFOLLOW) = 0
readlinkat(5, "//usr/bin/systemd", "../lib/systemd/systemd", 4096) = 22
newfstatat(6, "look", {st_mode=S_IFREG|0755, st_size=18824, ...}, AT_SYMLINK_NOFOLLOW) = 0
newfstatat(6, "view", {st_mode=S_IFLNK|0777, st_size=22, ...}, AT_SYMLINK_NOFOLLOW) = 0
readlinkat(5, "//usr/bin/view", "/etc/alternatives/view", 4096) = 22
newfstatat(6, "gcov-tool", {st_mode=S_IFLNK|0777, st_size=12, ...}, AT_SYMLINK_NOFOLLOW) = 0
readlinkat(5, "//usr/bin/gcov-tool", "gcov-tool-13", 4096) = 12
newfstatat(6, "sadf", {st_mode=S_IFREG|0755, st_size=391488, ...}, AT_SYMLINK_NOFOLLOW) = 0
newfstatat(6, "unxz", {st_mode=S_IFLNK|0777, st_size=2, ...}, AT_SYMLINK_NOFOLLOW) = 0
readlinkat(5, "//usr/bin/unxz", "xz", 4096) = 2
newfstatat(6, "mt", {st_mode=S_IFLNK|0777, st_size=20, ...}, AT_SYMLINK_NOFOLLOW) = 0
readlinkat(5, "//usr/bin/mt", "/etc/alternatives/mt", 4096) = 20
newfstatat(6, "byobu-select-backend", {st_mode=S_IFREG|0755, st_size=1452, ...}, AT_SYMLINK_NOFOLLOW) = 0
newfstatat(6, "x86_64-linux-gnu-nm", {st_mode=S_IFREG|0755, st_size=44544, ...}, AT_SYMLINK_NOFOLLOW) = 0
newfstatat(6, "rvim", {st_mode=S_IFLNK|0777, st_size=22, ...}, AT_SYMLINK_NOFOLLOW) = 0
readlinkat(5, "//usr/bin/rvim", "/etc/alternatives/rvim", 4096) = 22
newfstatat(6, "systemd-umount", {st_mode=S_IFLNK|0777, st_size=13, ...}, AT_SYMLINK_NOFOLLOW) = 0
readlinkat(5, "//usr/bin/systemd-umount", "systemd-mount", 4096) = 13
newfstatat(6, "col3", {st_mode=S_IFLNK|0777, st_size=4, ...}, AT_SYMLINK_NOFOLLOW) = 0
readlinkat(5, "//usr/bin/col3", "col1", 4096) = 4
newfstatat(6, "gcc-ranlib", {st_mode=S_IFLNK|0777, st_size=13, ...}, AT_SYMLINK_NOFOLLOW) = 0
readlinkat(5, "//usr/bin/gcc-ranlib", "gcc-ranlib-13", 4096) = 13
getdents64(6, 0x2000003f4a38 /* 61 entries */, 2048) = 2032
newfstatat(6, "ubuntu-bug", {st_mode=S_IFLNK|0777, st_size=10, ...}, AT_SYMLINK_NOFOLLOW) = 0
readlinkat(5, "//usr/bin/ubuntu-bug", "apport-bug", 4096) = 10
newfstatat(6, "dbus-run-session", {st_mode=S_IFREG|0755, st_size=14640, ...}, AT_SYMLINK_NOFOLLOW) = 0
newfstatat(6, "gettext.sh", {st_mode=S_IFREG|0755, st_size=5188, ...}, AT_SYMLINK_NOFOLLOW) = 0
newfstatat(6, "vim", {st_mode=S_IFLNK|0777, st_size=21, ...}, AT_SYMLINK_NOFOLLOW) = 0
readlinkat(5, "//usr/bin/vim", "/etc/alternatives/vim", 4096) = 21
newfstatat(6, "deb-systemd-helper", {st_mode=S_IFREG|0755, st_size=24358, ...}, AT_SYMLINK_NOFOLLOW) = 0
newfstatat(6, "pwdx", {st_mode=S_IFREG|0755, st_size=14720, ...}, AT_SYMLINK_NOFOLLOW) = 0
newfstatat(6, "col4", {st_mode=S_IFLNK|0777, st_size=4, ...}, AT_SYMLINK_NOFOLLOW) = 0
readlinkat(5, "//usr/bin/col4", "col1", 4096) = 4
newfstatat(6, "gpgparsemail", {st_mode=S_IFREG|0755, st_size=35200, ...}, AT_SYMLINK_NOFOLLOW) = 0
newfstatat(6, "byobu-keybindings", {st_mode=S_IFREG|0755, st_size=1506, ...}, AT_SYMLINK_NOFOLLOW) = 0
newfstatat(6, "pyserial-miniterm", {st_mode=S_IFREG|0755, st_size=975, ...}, AT_SYMLINK_NOFOLLOW) = 0
newfstatat(6, "sginfo", {st_mode=S_IFREG|0755, st_size=77832, ...}, AT_SYMLINK_NOFOLLOW) = 0
newfstatat(6, "pkmon", {st_mode=S_IFREG|0755, st_size=22840, ...}, AT_SYMLINK_NOFOLLOW) = 0
newfstatat(6, "byobu-ulevel", {st_mode=S_IFREG|0755, st_size=11996, ...}, AT_SYMLINK_NOFOLLOW) = 0
newfstatat(6, "byobu-launcher-uninstall", {st_mode=S_IFREG|0755, st_size=1561, ...}, AT_SYMLINK_NOFOLLOW) = 0
newfstatat(6, "setlogcons", {st_mode=S_IFREG|0755, st_size=14712, ...}, AT_SYMLINK_NOFOLLOW) = 0
newfstatat(6, "zgrep", {st_mode=S_IFREG|0755, st_size=8103, ...}, AT_SYMLINK_NOFOLLOW) = 0
newfstatat(6, "dpkg-scanpackages", {st_mode=S_IFREG|0755, st_size=8656, ...}, AT_SYMLINK_NOFOLLOW) = 0
newfstatat(6, "grub-fstest", {st_mode=S_IFREG|0755, st_size=884040, ...}, AT_SYMLINK_NOFOLLOW) = 0
newfstatat(6, "pbget", {st_mode=S_IFLNK|0777, st_size=5, ...}, AT_SYMLINK_NOFOLLOW) = 0
readlinkat(5, "//usr/bin/pbget", "pbput", 4096) = 5
newfstatat(6, "eqn", {st_mode=S_IFREG|0755, st_size=192968, ...}, AT_SYMLINK_NOFOLLOW) = 0
newfstatat(6, "bc", {st_mode=S_IFREG|0755, st_size=93000, ...}, AT_SYMLINK_NOFOLLOW) = 0
newfstatat(6, "vimdiff", {st_mode=S_IFLNK|0777, st_size=25, ...}, AT_SYMLINK_NOFOLLOW) = 0
readlinkat(5, "//usr/bin/vimdiff", "/etc/alternatives/vimdiff", 4096) = 25
newfstatat(6, "colcrt", {st_mode=S_IFREG|0755, st_size=14728, ...}, AT_SYMLINK_NOFOLLOW) = 0
newfstatat(6, "sg_rmsn", {st_mode=S_IFREG|0755, st_size=14856, ...}, AT_SYMLINK_NOFOLLOW) = 0
newfstatat(6, "systemd-cryptenroll", {st_mode=S_IFREG|0755, st_size=72624, ...}, AT_SYMLINK_NOFOLLOW) = 0
newfstatat(6, "ctstat", {st_mode=S_IFLNK|0777, st_size=6, ...}, AT_SYMLINK_NOFOLLOW) = 0
readlinkat(5, "//usr/bin/ctstat", "lnstat", 4096) = 6
newfstatat(6, "byobu-reconnect-sockets", {st_mode=S_IFREG|0755, st_size=3298, ...}, AT_SYMLINK_NOFOLLOW) = 0
newfstatat(6, "jq", {st_mode=S_IFREG|0755, st_size=30872, ...}, AT_SYMLINK_NOFOLLOW) = 0
newfstatat(6, "gsettings", {st_mode=S_IFREG|0755, st_size=31032, ...}, AT_SYMLINK_NOFOLLOW) = 0
newfstatat(6, "infocmp", {st_mode=S_IFREG|0755, st_size=67968, ...}, AT_SYMLINK_NOFOLLOW) = 0
newfstatat(6, "fold", {st_mode=S_IFREG|0755, st_size=35336, ...}, AT_SYMLINK_NOFOLLOW) = 0
newfstatat(6, "scsi_stop", {st_mode=S_IFREG|0755, st_size=1474, ...}, AT_SYMLINK_NOFOLLOW) = 0
newfstatat(6, "tsort", {st_mode=S_IFREG|0755, st_size=47624, ...}, AT_SYMLINK_NOFOLLOW) = 0
newfstatat(6, "lsblk", {st_mode=S_IFREG|0755, st_size=149896, ...}, AT_SYMLINK_NOFOLLOW) = 0
newfstatat(6, "make-first-existing-target", {st_mode=S_IFREG|0755, st_size=4905, ...}, AT_SYMLINK_NOFOLLOW) = 0
newfstatat(6, "gpg-wks-client", {st_mode=S_IFREG|0755, st_size=142712, ...}, AT_SYMLINK_NOFOLLOW) = 0
newfstatat(6, "groups", {st_mode=S_IFREG|0755, st_size=35336, ...}, AT_SYMLINK_NOFOLLOW) = 0
newfstatat(6, "xsubpp", {st_mode=S_IFREG|0755, st_size=5167, ...}, AT_SYMLINK_NOFOLLOW) = 0
newfstatat(6, "scsi_mandat", {st_mode=S_IFREG|0755, st_size=3602, ...}, AT_SYMLINK_NOFOLLOW) = 0
newfstatat(6, "unlzma", {st_mode=S_IFLNK|0777, st_size=24, ...}, AT_SYMLINK_NOFOLLOW) = 0
readlinkat(5, "//usr/bin/unlzma", "/etc/alternatives/unlzma", 4096) = 24
newfstatat(6, "tzselect", {st_mode=S_IFREG|0755, st_size=15378, ...}, AT_SYMLINK_NOFOLLOW) = 0
newfstatat(6, "do-release-upgrade", {st_mode=S_IFREG|0755, st_size=10675, ...}, AT_SYMLINK_NOFOLLOW) = 0
newfstatat(6, "apt", {st_mode=S_IFREG|0755, st_size=18824, ...}, AT_SYMLINK_NOFOLLOW) = 0
newfstatat(6, "ntfscat", {st_mode=S_IFREG|0755, st_size=27008, ...}, AT_SYMLINK_NOFOLLOW) = 0
newfstatat(6, "ping6", {st_mode=S_IFLNK|0777, st_size=4, ...}, AT_SYMLINK_NOFOLLOW) = 0
readlinkat(5, "//usr/bin/ping6", "ping", 4096) = 4
newfstatat(6, "scsi_satl", {st_mode=S_IFREG|0755, st_size=3830, ...}, AT_SYMLINK_NOFOLLOW) = 0
newfstatat(6, "numfmt", {st_mode=S_IFREG|0755, st_size=59944, ...}, AT_SYMLINK_NOFOLLOW) = 0
newfstatat(6, "chage", {st_mode=S_IFREG|S_ISGID|0755, st_size=72184, ...}, AT_SYMLINK_NOFOLLOW) = 0
newfstatat(6, "x86_64-linux-gnu-gcc-nm-13", {st_mode=S_IFREG|0755, st_size=27216, ...}, AT_SYMLINK_NOFOLLOW) = 0
newfstatat(6, "byobu-screen", {st_mode=S_IFLNK|0777, st_size=5, ...}, AT_SYMLINK_NOFOLLOW) = 0
readlinkat(5, "//usr/bin/byobu-screen", "byobu", 4096) = 5
newfstatat(6, "env", {st_mode=S_IFREG|0755, st_size=48072, ...}, AT_SYMLINK_NOFOLLOW) = 0
newfstatat(6, "vmware-vgauth-cmd", {st_mode=S_IFREG|0755, st_size=18744, ...}, AT_SYMLINK_NOFOLLOW) = 0
newfstatat(6, "migspeed", {st_mode=S_IFREG|0755, st_size=14648, ...}, AT_SYMLINK_NOFOLLOW) = 0
newfstatat(6, "ssh-import-id-lp", {st_mode=S_IFREG|0755, st_size=785, ...}, AT_SYMLINK_NOFOLLOW) = 0
newfstatat(6, "memusagestat", {st_mode=S_IFREG|0755, st_size=22976, ...}, AT_SYMLINK_NOFOLLOW) = 0
newfstatat(6, "resolvectl", {st_mode=S_IFREG|0755, st_size=162480, ...}, AT_SYMLINK_NOFOLLOW) = 0
newfstatat(6, "lzmore", {st_mode=S_IFLNK|0777, st_size=24, ...}, AT_SYMLINK_NOFOLLOW) = 0
readlinkat(5, "//usr/bin/lzmore", "/etc/alternatives/lzmore", 4096) = 24
newfstatat(6, "zdiff", {st_mode=S_IFREG|0755, st_size=6460, ...}, AT_SYMLINK_NOFOLLOW) = 0
newfstatat(6, "x86_64-linux-gnu-ld", {st_mode=S_IFLNK|0777, st_size=23, ...}, AT_SYMLINK_NOFOLLOW) = 0
readlinkat(5, "//usr/bin/x86_64-linux-gnu-ld", "x86_64-linux-gnu-ld.bfd", 4096) = 23
newfstatat(6, "sg_seek", {st_mode=S_IFREG|0755, st_size=19336, ...}, AT_SYMLINK_NOFOLLOW) = 0
newfstatat(6, "gmake", {st_mode=S_IFLNK|0777, st_size=4, ...}, AT_SYMLINK_NOFOLLOW) = 0
readlinkat(5, "//usr/bin/gmake", "make", 4096) = 4
getdents64(6, 0x2000003f4a38 /* 61 entries */, 2048) = 2024
newfstatat(6, "lsof", {st_mode=S_IFREG|0755, st_size=175784, ...}, AT_SYMLINK_NOFOLLOW) = 0
newfstatat(6, "run-one-until-success", {st_mode=S_IFLNK|0777, st_size=7, ...}, AT_SYMLINK_NOFOLLOW) = 0
readlinkat(5, "//usr/bin/run-one-until-success", "run-one", 4096) = 7
newfstatat(6, "pod2man", {st_mode=S_IFREG|0755, st_size=18898, ...}, AT_SYMLINK_NOFOLLOW) = 0
newfstatat(6, "manpath", {st_mode=S_IFREG|0755, st_size=27424, ...}, AT_SYMLINK_NOFOLLOW) = 0
newfstatat(6, "pkttyagent", {st_mode=S_IFREG|0755, st_size=22832, ...}, AT_SYMLINK_NOFOLLOW) = 0
newfstatat(6, "apport-cli", {st_mode=S_IFREG|0755, st_size=13625, ...}, AT_SYMLINK_NOFOLLOW) = 0
newfstatat(6, "ckbcomp", {st_mode=S_IFREG|0755, st_size=150674, ...}, AT_SYMLINK_NOFOLLOW) = 0
newfstatat(6, "gawkbug", {st_mode=S_IFREG|0755, st_size=6900, ...}, AT_SYMLINK_NOFOLLOW) = 0
newfstatat(6, "x86_64-linux-gnu-ld.bfd", {st_mode=S_IFREG|0755, st_size=1359128, ...}, AT_SYMLINK_NOFOLLOW) = 0
newfstatat(6, "editor", {st_mode=S_IFLNK|0777, st_size=24, ...}, AT_SYMLINK_NOFOLLOW) = 0
readlinkat(5, "//usr/bin/editor", "/etc/alternatives/editor", 4096) = 24
newfstatat(6, "nsupdate", {st_mode=S_IFREG|0755, st_size=76344, ...}, AT_SYMLINK_NOFOLLOW) = 0
newfstatat(6, "scandeps", {st_mode=S_IFREG|0755, st_size=6623, ...}, AT_SYMLINK_NOFOLLOW) = 0
newfstatat(6, "pydoc3.12", {st_mode=S_IFREG|0755, st_size=80, ...}, AT_SYMLINK_NOFOLLOW) = 0
newfstatat(6, "pod2usage", {st_mode=S_IFREG|0755, st_size=4107, ...}, AT_SYMLINK_NOFOLLOW) = 0
newfstatat(6, "git", {st_mode=S_IFREG|0755, st_size=4066232, ...}, AT_SYMLINK_NOFOLLOW) = 0
newfstatat(6, "more", {st_mode=S_IFREG|0755, st_size=47496, ...}, AT_SYMLINK_NOFOLLOW) = 0
newfstatat(6, "mbim-network", {st_mode=S_IFREG|0755, st_size=11342, ...}, AT_SYMLINK_NOFOLLOW) = 0
newfstatat(6, "psfstriptable", {st_mode=S_IFLNK|0777, st_size=9, ...}, AT_SYMLINK_NOFOLLOW) = 0
readlinkat(5, "//usr/bin/psfstriptable", "psfxtable", 4096) = 9
newfstatat(6, "lto-dump-13", {st_mode=S_IFLNK|0777, st_size=28, ...}, AT_SYMLINK_NOFOLLOW) = 0
readlinkat(5, "//usr/bin/lto-dump-13", "x86_64-linux-gnu-lto-dump-13", 4096) = 28
newfstatat(6, "systemd-cat", {st_mode=S_IFREG|0755, st_size=18896, ...}, AT_SYMLINK_NOFOLLOW) = 0
newfstatat(6, "cpio", {st_mode=S_IFREG|0755, st_size=140976, ...}, AT_SYMLINK_NOFOLLOW) = 0
newfstatat(6, "setleds", {st_mode=S_IFREG|0755, st_size=18872, ...}, AT_SYMLINK_NOFOLLOW) = 0
newfstatat(6, "unzstd", {st_mode=S_IFLNK|0777, st_size=4, ...}, AT_SYMLINK_NOFOLLOW) = 0
readlinkat(5, "//usr/bin/unzstd", "zstd", 4096) = 4
newfstatat(6, "mtr-packet", {st_mode=S_IFREG|0755, st_size=35120, ...}, AT_SYMLINK_NOFOLLOW) = 0
newfstatat(6, "column", {st_mode=S_IFREG|0755, st_size=39304, ...}, AT_SYMLINK_NOFOLLOW) = 0
newfstatat(6, "byobu-config", {st_mode=S_IFREG|0755, st_size=996, ...}, AT_SYMLINK_NOFOLLOW) = 0
newfstatat(6, "install-info", {st_mode=S_IFREG|0755, st_size=48376, ...}, AT_SYMLINK_NOFOLLOW) = 0
newfstatat(6, "localectl", {st_mode=S_IFREG|0755, st_size=27080, ...}, AT_SYMLINK_NOFOLLOW) = 0
newfstatat(6, "linux-boot-prober", {st_mode=S_IFREG|0755, st_size=1577, ...}, AT_SYMLINK_NOFOLLOW) = 0
newfstatat(6, "btrfs-select-super", {st_mode=S_IFREG|0755, st_size=528688, ...}, AT_SYMLINK_NOFOLLOW) = 0
newfstatat(6, "splitfont", {st_mode=S_IFREG|0755, st_size=14640, ...}, AT_SYMLINK_NOFOLLOW) = 0
newfstatat(6, "rzsh", {st_mode=S_IFLNK|0777, st_size=3, ...}, AT_SYMLINK_NOFOLLOW) = 0
readlinkat(5, "//usr/bin/rzsh", "zsh", 4096) = 3
newfstatat(6, "sqfscat", {st_mode=S_IFLNK|0777, st_size=10, ...}, AT_SYMLINK_NOFOLLOW) = 0
readlinkat(5, "//usr/bin/sqfscat", "unsquashfs", 4096) = 10
newfstatat(6, "x86_64-linux-gnu-as", {st_mode=S_IFREG|0755, st_size=745768, ...}, AT_SYMLINK_NOFOLLOW) = 0
newfstatat(6, "dpkg-scansources", {st_mode=S_IFREG|0755, st_size=9320, ...}, AT_SYMLINK_NOFOLLOW) = 0
newfstatat(6, "ssh-keyscan", {st_mode=S_IFREG|0755, st_size=338368, ...}, AT_SYMLINK_NOFOLLOW) = 0
newfstatat(6, "rescan-scsi-bus.sh", {st_mode=S_IFREG|0755, st_size=38964, ...}, AT_SYMLINK_NOFOLLOW) = 0
newfstatat(6, "sbverify", {st_mode=S_IFREG|0755, st_size=31344, ...}, AT_SYMLINK_NOFOLLOW) = 0
newfstatat(6, "podchecker", {st_mode=S_IFREG|0755, st_size=3658, ...}, AT_SYMLINK_NOFOLLOW) = 0
newfstatat(6, "unexpand", {st_mode=S_IFREG|0755, st_size=39456, ...}, AT_SYMLINK_NOFOLLOW) = 0
newfstatat(6, "sleep", {st_mode=S_IFREG|0755, st_size=35336, ...}, AT_SYMLINK_NOFOLLOW) = 0
newfstatat(6, "pidof", {st_mode=S_IFLNK|0777, st_size=16, ...}, AT_SYMLINK_NOFOLLOW) = 0
readlinkat(5, "//usr/bin/pidof", "../sbin/killall5", 4096) = 16
newfstatat(6, "sg_wr_mode", {st_mode=S_IFREG|0755, st_size=23272, ...}, AT_SYMLINK_NOFOLLOW) = 0
newfstatat(6, "ssh-add", {st_mode=S_IFREG|0755, st_size=301488, ...}, AT_SYMLINK_NOFOLLOW) = 0
newfstatat(6, "domainname", {st_mode=S_IFLNK|0777, st_size=8, ...}, AT_SYMLINK_NOFOLLOW) = 0
readlinkat(5, "//usr/bin/domainname", "hostname", 4096) = 8
newfstatat(6, "gp-display-src", {st_mode=S_IFLNK|0777, st_size=31, ...}, AT_SYMLINK_NOFOLLOW) = 0
readlinkat(5, "//usr/bin/gp-display-src", "x86_64-linux-gnu-gp-display-src", 4096) = 31
newfstatat(6, "zsh", {st_mode=S_IFREG|0755, st_size=976304, ...}, AT_SYMLINK_NOFOLLOW) = 0
newfstatat(6, "gawk", {st_mode=S_IFREG|0755, st_size=739840, ...}, AT_SYMLINK_NOFOLLOW) = 0
newfstatat(6, "acpidbg", {st_mode=S_IFREG|0755, st_size=1622, ...}, AT_SYMLINK_NOFOLLOW) = 0
newfstatat(6, "vmtoolsd", {st_mode=S_IFREG|0755, st_size=76352, ...}, AT_SYMLINK_NOFOLLOW) = 0
newfstatat(6, "dh_bash-completion", {st_mode=S_IFREG|0755, st_size=4527, ...}, AT_SYMLINK_NOFOLLOW) = 0
newfstatat(6, "grub-render-label", {st_mode=S_IFREG|0755, st_size=768232, ...}, AT_SYMLINK_NOFOLLOW) = 0
newfstatat(6, "xzcat", {st_mode=S_IFLNK|0777, st_size=2, ...}, AT_SYMLINK_NOFOLLOW) = 0
readlinkat(5, "//usr/bin/xzcat", "xz", 4096) = 2
newfstatat(6, "byobu-launcher", {st_mode=S_IFREG|0755, st_size=1910, ...}, AT_SYMLINK_NOFOLLOW) = 0
newfstatat(6, "findmnt", {st_mode=S_IFREG|0755, st_size=69280, ...}, AT_SYMLINK_NOFOLLOW) = 0
newfstatat(6, "xzless", {st_mode=S_IFREG|0755, st_size=1813, ...}, AT_SYMLINK_NOFOLLOW) = 0
newfstatat(6, "mmcli", {st_mode=S_IFREG|0755, st_size=280512, ...}, AT_SYMLINK_NOFOLLOW) = 0
newfstatat(6, "elfedit", {st_mode=S_IFLNK|0777, st_size=24, ...}, AT_SYMLINK_NOFOLLOW) = 0
readlinkat(5, "//usr/bin/elfedit", "x86_64-linux-gnu-elfedit", 4096) = 24
newfstatat(6, "preconv", {st_mode=S_IFREG|0755, st_size=59880, ...}, AT_SYMLINK_NOFOLLOW) = 0
newfstatat(6, "x86_64-linux-gnu-objcopy", {st_mode=S_IFREG|0755, st_size=166536, ...}, AT_SYMLINK_NOFOLLOW) = 0
newfstatat(6, "cloud-init", {st_mode=S_IFREG|0755, st_size=976, ...}, AT_SYMLINK_NOFOLLOW) = 0
getdents64(6, 0x2000003f4a38 /* 63 entries */, 2048) = 2048
newfstatat(6, "sg_raw", {st_mode=S_IFREG|0755, st_size=27560, ...}, AT_SYMLINK_NOFOLLOW) = 0
newfstatat(6, "aa-features-abi", {st_mode=S_IFREG|0755, st_size=18736, ...}, AT_SYMLINK_NOFOLLOW) = 0
newfstatat(6, "sg_write_same", {st_mode=S_IFREG|0755, st_size=27592, ...}, AT_SYMLINK_NOFOLLOW) = 0
newfstatat(6, "cpan5.38-x86_64-linux-gnu", {st_mode=S_IFREG|0755, st_size=8381, ...}, AT_SYMLINK_NOFOLLOW) = 0
newfstatat(6, "dig", {st_mode=S_IFREG|0755, st_size=154448, ...}, AT_SYMLINK_NOFOLLOW) = 0
newfstatat(6, "appstreamcli", {st_mode=S_IFREG|0755, st_size=141544, ...}, AT_SYMLINK_NOFOLLOW) = 0
newfstatat(6, "tempfile", {st_mode=S_IFREG|0755, st_size=14648, ...}, AT_SYMLINK_NOFOLLOW) = 0
newfstatat(6, "localedef", {st_mode=S_IFREG|0755, st_size=326752, ...}, AT_SYMLINK_NOFOLLOW) = 0
newfstatat(6, "systemd-creds", {st_mode=S_IFREG|0755, st_size=43744, ...}, AT_SYMLINK_NOFOLLOW) = 0
newfstatat(6, "nsenter", {st_mode=S_IFREG|0755, st_size=31336, ...}, AT_SYMLINK_NOFOLLOW) = 0
newfstatat(6, "head", {st_mode=S_IFREG|0755, st_size=43528, ...}, AT_SYMLINK_NOFOLLOW) = 0
newfstatat(6, "vmware-checkvm", {st_mode=S_IFREG|0755, st_size=14720, ...}, AT_SYMLINK_NOFOLLOW) = 0
newfstatat(6, "fgconsole", {st_mode=S_IFREG|0755, st_size=14712, ...}, AT_SYMLINK_NOFOLLOW) = 0
newfstatat(6, "ar", {st_mode=S_IFLNK|0777, st_size=19, ...}, AT_SYMLINK_NOFOLLOW) = 0
readlinkat(5, "//usr/bin/ar", "x86_64-linux-gnu-ar", 4096) = 19
newfstatat(6, "install", {st_mode=S_IFREG|0755, st_size=145944, ...}, AT_SYMLINK_NOFOLLOW) = 0
newfstatat(6, "bzcat", {st_mode=S_IFREG|0755, st_size=39296, ...}, AT_SYMLINK_NOFOLLOW) = 0
newfstatat(6, "dpkg-parsechangelog", {st_mode=S_IFREG|0755, st_size=4947, ...}, AT_SYMLINK_NOFOLLOW) = 0
newfstatat(6, "dbus-send", {st_mode=S_IFREG|0755, st_size=31016, ...}, AT_SYMLINK_NOFOLLOW) = 0
newfstatat(6, "eatmydata", {st_mode=S_IFREG|0755, st_size=2806, ...}, AT_SYMLINK_NOFOLLOW) = 0
newfstatat(6, "diff", {st_mode=S_IFREG|0755, st_size=137776, ...}, AT_SYMLINK_NOFOLLOW) = 0
newfstatat(6, "turbostat", {st_mode=S_IFREG|0755, st_size=1622, ...}, AT_SYMLINK_NOFOLLOW) = 0
newfstatat(6, "tclsh", {st_mode=S_IFLNK|0777, st_size=8, ...}, AT_SYMLINK_NOFOLLOW) = 0
readlinkat(5, "//usr/bin/tclsh", "tclsh8.6", 4096) = 8
newfstatat(6, "loginctl", {st_mode=S_IFREG|0755, st_size=68176, ...}, AT_SYMLINK_NOFOLLOW) = 0
newfstatat(6, "egrep", {st_mode=S_IFREG|0755, st_size=41, ...}, AT_SYMLINK_NOFOLLOW) = 0
newfstatat(6, "col", {st_mode=S_IFREG|0755, st_size=22920, ...}, AT_SYMLINK_NOFOLLOW) = 0
newfstatat(6, "systemd-repart", {st_mode=S_IFREG|0755, st_size=199912, ...}, AT_SYMLINK_NOFOLLOW) = 0
newfstatat(6, "x86_64-linux-gnu-gcc", {st_mode=S_IFLNK|0777, st_size=23, ...}, AT_SYMLINK_NOFOLLOW) = 0
readlinkat(5, "//usr/bin/x86_64-linux-gnu-gcc", "x86_64-linux-gnu-gcc-13", 4096) = 23
newfstatat(6, "grog", {st_mode=S_IFREG|0755, st_size=19195, ...}, AT_SYMLINK_NOFOLLOW) = 0
newfstatat(6, "deallocvt", {st_mode=S_IFREG|0755, st_size=14712, ...}, AT_SYMLINK_NOFOLLOW) = 0
newfstatat(6, "perf", {st_mode=S_IFREG|0755, st_size=1622, ...}, AT_SYMLINK_NOFOLLOW) = 0
newfstatat(6, "slabtop", {st_mode=S_IFREG|0755, st_size=22976, ...}, AT_SYMLINK_NOFOLLOW) = 0
newfstatat(6, "ctail", {st_mode=S_IFREG|0755, st_size=960, ...}, AT_SYMLINK_NOFOLLOW) = 0
newfstatat(6, "grub-mkpasswd-pbkdf2", {st_mode=S_IFREG|0755, st_size=113992, ...}, AT_SYMLINK_NOFOLLOW) = 0
newfstatat(6, "g++", {st_mode=S_IFLNK|0777, st_size=6, ...}, AT_SYMLINK_NOFOLLOW) = 0
readlinkat(5, "//usr/bin/g++", "g++-13", 4096) = 6
newfstatat(6, "sg_unmap", {st_mode=S_IFREG|0755, st_size=23304, ...}, AT_SYMLINK_NOFOLLOW) = 0
newfstatat(6, "arch", {st_mode=S_IFREG|0755, st_size=35336, ...}, AT_SYMLINK_NOFOLLOW) = 0
newfstatat(6, "tcpdump", {st_mode=S_IFREG|0755, st_size=1273976, ...}, AT_SYMLINK_NOFOLLOW) = 0
newfstatat(6, "ssh-import-id", {st_mode=S_IFREG|0755, st_size=985, ...}, AT_SYMLINK_NOFOLLOW) = 0
newfstatat(6, "grub-mkrescue", {st_mode=S_IFREG|0755, st_size=1044312, ...}, AT_SYMLINK_NOFOLLOW) = 0
newfstatat(6, "dpkg-source", {st_mode=S_IFREG|0755, st_size=23604, ...}, AT_SYMLINK_NOFOLLOW) = 0
newfstatat(6, "mkfifo", {st_mode=S_IFREG|0755, st_size=43528, ...}, AT_SYMLINK_NOFOLLOW) = 0
newfstatat(6, "truncate", {st_mode=S_IFREG|0755, st_size=39432, ...}, AT_SYMLINK_NOFOLLOW) = 0
newfstatat(6, "objcopy", {st_mode=S_IFLNK|0777, st_size=24, ...}, AT_SYMLINK_NOFOLLOW) = 0
readlinkat(5, "//usr/bin/objcopy", "x86_64-linux-gnu-objcopy", 4096) = 24
newfstatat(6, "twistd3", {st_mode=S_IFREG|0755, st_size=220, ...}, AT_SYMLINK_NOFOLLOW) = 0
newfstatat(6, "sbsign", {st_mode=S_IFREG|0755, st_size=35536, ...}, AT_SYMLINK_NOFOLLOW) = 0
newfstatat(6, "test", {st_mode=S_IFREG|0755, st_size=47552, ...}, AT_SYMLINK_NOFOLLOW) = 0
newfstatat(6, "scriptlive", {st_mode=S_IFREG|0755, st_size=43392, ...}, AT_SYMLINK_NOFOLLOW) = 0
newfstatat(6, "dirmngr-client", {st_mode=S_IFREG|0755, st_size=56240, ...}, AT_SYMLINK_NOFOLLOW) = 0
newfstatat(6, "sudoreplay", {st_mode=S_IFREG|0755, st_size=98256, ...}, AT_SYMLINK_NOFOLLOW) = 0
newfstatat(6, "watch", {st_mode=S_IFREG|0755, st_size=31584, ...}, AT_SYMLINK_NOFOLLOW) = 0
newfstatat(6, "dpkg-query", {st_mode=S_IFREG|0755, st_size=137792, ...}, AT_SYMLINK_NOFOLLOW) = 0
newfstatat(6, "ex", {st_mode=S_IFLNK|0777, st_size=20, ...}, AT_SYMLINK_NOFOLLOW) = 0
readlinkat(5, "//usr/bin/ex", "/etc/alternatives/ex", 4096) = 20
newfstatat(6, "run-parts", {st_mode=S_IFREG|0755, st_size=27464, ...}, AT_SYMLINK_NOFOLLOW) = 0
newfstatat(6, "loadunimap", {st_mode=S_IFREG|0755, st_size=35288, ...}, AT_SYMLINK_NOFOLLOW) = 0
newfstatat(6, "x86_64-linux-gnu-gcov-dump-13", {st_mode=S_IFREG|0755, st_size=356432, ...}, AT_SYMLINK_NOFOLLOW) = 0
newfstatat(6, "pbput", {st_mode=S_IFREG|0755, st_size=2569, ...}, AT_SYMLINK_NOFOLLOW) = 0
newfstatat(6, "cp", {st_mode=S_IFREG|0755, st_size=141848, ...}, AT_SYMLINK_NOFOLLOW) = 0
newfstatat(6, "less", {st_mode=S_IFREG|0755, st_size=194952, ...}, AT_SYMLINK_NOFOLLOW) = 0
newfstatat(6, "usbhid-dump", {st_mode=S_IFREG|0755, st_size=31112, ...}, AT_SYMLINK_NOFOLLOW) = 0
newfstatat(6, "psfaddtable", {st_mode=S_IFLNK|0777, st_size=9, ...}, AT_SYMLINK_NOFOLLOW) = 0
readlinkat(5, "//usr/bin/psfaddtable", "psfxtable", 4096) = 9
newfstatat(6, "getconf", {st_mode=S_IFREG|0755, st_size=26992, ...}, AT_SYMLINK_NOFOLLOW) = 0
newfstatat(6, "rsync", {st_mode=S_IFREG|0755, st_size=514176, ...}, AT_SYMLINK_NOFOLLOW) = 0
newfstatat(6, "xdg-user-dirs-update", {st_mode=S_IFREG|0755, st_size=26856, ...}, AT_SYMLINK_NOFOLLOW) = 0
getdents64(6, 0x2000003f4a38 /* 63 entries */, 2048) = 2048
newfstatat(6, "btrfs-find-root", {st_mode=S_IFREG|0755, st_size=532784, ...}, AT_SYMLINK_NOFOLLOW) = 0
newfstatat(6, "mailmail3", {st_mode=S_IFREG|0755, st_size=227, ...}, AT_SYMLINK_NOFOLLOW) = 0
newfstatat(6, "pstree.x11", {st_mode=S_IFLNK|0777, st_size=6, ...}, AT_SYMLINK_NOFOLLOW) = 0
readlinkat(5, "//usr/bin/pstree.x11", "pstree", 4096) = 6
newfstatat(6, "vmware-alias-import", {st_mode=S_IFREG|0755, st_size=43544, ...}, AT_SYMLINK_NOFOLLOW) = 0
newfstatat(6, "timeout", {st_mode=S_IFREG|0755, st_size=39880, ...}, AT_SYMLINK_NOFOLLOW) = 0
newfstatat(6, "sos-collector", {st_mode=S_IFREG|0755, st_size=1129, ...}, AT_SYMLINK_NOFOLLOW) = 0
newfstatat(6, "cksum", {st_mode=S_IFREG|0755, st_size=104984, ...}, AT_SYMLINK_NOFOLLOW) = 0
newfstatat(6, "sar", {st_mode=S_IFLNK|0777, st_size=21, ...}, AT_SYMLINK_NOFOLLOW) = 0
readlinkat(5, "//usr/bin/sar", "/etc/alternatives/sar", 4096) = 21
newfstatat(6, "oem-getlogs", {st_mode=S_IFREG|0755, st_size=8504, ...}, AT_SYMLINK_NOFOLLOW) = 0
newfstatat(6, "linux-update-symlinks", {st_mode=S_IFREG|0755, st_size=6320, ...}, AT_SYMLINK_NOFOLLOW) = 0
newfstatat(6, "vmstat", {st_mode=S_IFREG|0755, st_size=39712, ...}, AT_SYMLINK_NOFOLLOW) = 0
newfstatat(6, "lsipc", {st_mode=S_IFREG|0755, st_size=51584, ...}, AT_SYMLINK_NOFOLLOW) = 0
newfstatat(6, "pgrep", {st_mode=S_IFREG|0755, st_size=35296, ...}, AT_SYMLINK_NOFOLLOW) = 0
newfstatat(6, "xdg-user-dir", {st_mode=S_IFREG|0755, st_size=234, ...}, AT_SYMLINK_NOFOLLOW) = 0
newfstatat(6, "zstd", {st_mode=S_IFREG|0755, st_size=1022760, ...}, AT_SYMLINK_NOFOLLOW) = 0
newfstatat(6, "openvt", {st_mode=S_IFREG|0755, st_size=23272, ...}, AT_SYMLINK_NOFOLLOW) = 0
newfstatat(6, "grub-editenv", {st_mode=S_IFREG|0755, st_size=402600, ...}, AT_SYMLINK_NOFOLLOW) = 0
newfstatat(6, "uptime", {st_mode=S_IFREG|0755, st_size=14720, ...}, AT_SYMLINK_NOFOLLOW) = 0
newfstatat(6, "ntfsrecover", {st_mode=S_IFREG|0755, st_size=104832, ...}, AT_SYMLINK_NOFOLLOW) = 0
newfstatat(6, "tty", {st_mode=S_IFREG|0755, st_size=35336, ...}, AT_SYMLINK_NOFOLLOW) = 0
newfstatat(6, "gcc-ar-13", {st_mode=S_IFLNK|0777, st_size=26, ...}, AT_SYMLINK_NOFOLLOW) = 0
readlinkat(5, "//usr/bin/gcc-ar-13", "x86_64-linux-gnu-gcc-ar-13", 4096) = 26
newfstatat(6, "i386", {st_mode=S_IFLNK|0777, st_size=7, ...}, AT_SYMLINK_NOFOLLOW) = 0
readlinkat(5, "//usr/bin/i386", "setarch", 4096) = 7
newfstatat(6, "mkdir", {st_mode=S_IFREG|0755, st_size=76296, ...}, AT_SYMLINK_NOFOLLOW) = 0
newfstatat(6, "x86_64-linux-gnu-gp-display-html", {st_mode=S_IFREG|0755, st_size=641937, ...}, AT_SYMLINK_NOFOLLOW) = 0
newfstatat(6, "dd", {st_mode=S_IFREG|0755, st_size=72232, ...}, AT_SYMLINK_NOFOLLOW) = 0
newfstatat(6, "vmware-toolbox-cmd", {st_mode=S_IFREG|0755, st_size=55904, ...}, AT_SYMLINK_NOFOLLOW) = 0
newfstatat(6, "netcat", {st_mode=S_IFLNK|0777, st_size=24, ...}, AT_SYMLINK_NOFOLLOW) = 0
readlinkat(5, "//usr/bin/netcat", "/etc/alternatives/netcat", 4096) = 24
newfstatat(6, "unsquashfs", {st_mode=S_IFREG|0755, st_size=151448, ...}, AT_SYMLINK_NOFOLLOW) = 0
newfstatat(6, "which.debianutils", {st_mode=S_IFREG|0755, st_size=1080, ...}, AT_SYMLINK_NOFOLLOW) = 0
newfstatat(6, "btrfs-convert", {st_mode=S_IFREG|0755, st_size=590128, ...}, AT_SYMLINK_NOFOLLOW) = 0
newfstatat(6, "resizepart", {st_mode=S_IFREG|0755, st_size=22912, ...}, AT_SYMLINK_NOFOLLOW) = 0
newfstatat(6, "sg_map26", {st_mode=S_IFREG|0755, st_size=27344, ...}, AT_SYMLINK_NOFOLLOW) = 0
newfstatat(6, "chmod", {st_mode=S_IFREG|0755, st_size=55816, ...}, AT_SYMLINK_NOFOLLOW) = 0
newfstatat(6, "timedatectl", {st_mode=S_IFREG|0755, st_size=47560, ...}, AT_SYMLINK_NOFOLLOW) = 0
newfstatat(6, "sar.sysstat", {st_mode=S_IFREG|0755, st_size=140680, ...}, AT_SYMLINK_NOFOLLOW) = 0
newfstatat(6, "choom", {st_mode=S_IFREG|0755, st_size=22912, ...}, AT_SYMLINK_NOFOLLOW) = 0
newfstatat(6, "ls", {st_mode=S_IFREG|0755, st_size=142312, ...}, AT_SYMLINK_NOFOLLOW) = 0
newfstatat(6, "rpcgen", {st_mode=S_IFREG|0755, st_size=96864, ...}, AT_SYMLINK_NOFOLLOW) = 0
newfstatat(6, "ftp", {st_mode=S_IFLNK|0777, st_size=21, ...}, AT_SYMLINK_NOFOLLOW) = 0
readlinkat(5, "//usr/bin/ftp", "/etc/alternatives/ftp", 4096) = 21
newfstatat(6, "toe", {st_mode=S_IFREG|0755, st_size=22840, ...}, AT_SYMLINK_NOFOLLOW) = 0
newfstatat(6, "true", {st_mode=S_IFREG|0755, st_size=26936, ...}, AT_SYMLINK_NOFOLLOW) = 0
newfstatat(6, "base32", {st_mode=S_IFREG|0755, st_size=39432, ...}, AT_SYMLINK_NOFOLLOW) = 0
newfstatat(6, "free", {st_mode=S_IFREG|0755, st_size=27008, ...}, AT_SYMLINK_NOFOLLOW) = 0
newfstatat(6, "eject", {st_mode=S_IFREG|0755, st_size=43240, ...}, AT_SYMLINK_NOFOLLOW) = 0
newfstatat(6, "systemd-cryptsetup", {st_mode=S_IFREG|0755, st_size=80840, ...}, AT_SYMLINK_NOFOLLOW) = 0
newfstatat(6, "sg_write_long", {st_mode=S_IFREG|0755, st_size=15112, ...}, AT_SYMLINK_NOFOLLOW) = 0
newfstatat(6, "grub-script-check", {st_mode=S_IFREG|0755, st_size=129800, ...}, AT_SYMLINK_NOFOLLOW) = 0
newfstatat(6, "shred", {st_mode=S_IFREG|0755, st_size=55816, ...}, AT_SYMLINK_NOFOLLOW) = 0
newfstatat(6, "fmt", {st_mode=S_IFREG|0755, st_size=39432, ...}, AT_SYMLINK_NOFOLLOW) = 0
newfstatat(6, "vigpg", {st_mode=S_IFREG|0755, st_size=2640, ...}, AT_SYMLINK_NOFOLLOW) = 0
newfstatat(6, "pkcheck", {st_mode=S_IFREG|0755, st_size=22832, ...}, AT_SYMLINK_NOFOLLOW) = 0
newfstatat(6, "mksquashfs", {st_mode=S_IFREG|0755, st_size=293832, ...}, AT_SYMLINK_NOFOLLOW) = 0
newfstatat(6, "grub-mkimage", {st_mode=S_IFREG|0755, st_size=386312, ...}, AT_SYMLINK_NOFOLLOW) = 0
newfstatat(6, "git-shell", {st_mode=S_IFREG|0755, st_size=639808, ...}, AT_SYMLINK_NOFOLLOW) = 0
newfstatat(6, "busctl", {st_mode=S_IFREG|0755, st_size=96864, ...}, AT_SYMLINK_NOFOLLOW) = 0
newfstatat(6, "false", {st_mode=S_IFREG|0755, st_size=26936, ...}, AT_SYMLINK_NOFOLLOW) = 0
newfstatat(6, "byobu-status-detail", {st_mode=S_IFREG|0755, st_size=1207, ...}, AT_SYMLINK_NOFOLLOW) = 0
newfstatat(6, "strings", {st_mode=S_IFLNK|0777, st_size=24, ...}, AT_SYMLINK_NOFOLLOW) = 0
readlinkat(5, "//usr/bin/strings", "x86_64-linux-gnu-strings", 4096) = 24
newfstatat(6, "dpkg-split", {st_mode=S_IFREG|0755, st_size=100896, ...}, AT_SYMLINK_NOFOLLOW) = 0
newfstatat(6, "sensible-browser", {st_mode=S_IFREG|0755, st_size=1583, ...}, AT_SYMLINK_NOFOLLOW) = 0
newfstatat(6, "hd", {st_mode=S_IFLNK|0777, st_size=7, ...}, AT_SYMLINK_NOFOLLOW) = 0
readlinkat(5, "//usr/bin/hd", "hexdump", 4096) = 7
newfstatat(6, "aa-exec", {st_mode=S_IFREG|0755, st_size=18744, ...}, AT_SYMLINK_NOFOLLOW) = 0
newfstatat(6, "manifest", {st_mode=S_IFREG|0755, st_size=1942, ...}, AT_SYMLINK_NOFOLLOW) = 0
getdents64(6, 0x2000003f4a38 /* 59 entries */, 2048) = 2016
newfstatat(6, "x86_64-linux-gnu-strings", {st_mode=S_IFREG|0755, st_size=35440, ...}, AT_SYMLINK_NOFOLLOW) = 0
newfstatat(6, "gcov", {st_mode=S_IFLNK|0777, st_size=7, ...}, AT_SYMLINK_NOFOLLOW) = 0
readlinkat(5, "//usr/bin/gcov", "gcov-13", 4096) = 7
newfstatat(6, "systemd-escape", {st_mode=S_IFREG|0755, st_size=22984, ...}, AT_SYMLINK_NOFOLLOW) = 0
newfstatat(6, "x86_energy_perf_policy", {st_mode=S_IFREG|0755, st_size=1622, ...}, AT_SYMLINK_NOFOLLOW) = 0
newfstatat(6, "linux64", {st_mode=S_IFLNK|0777, st_size=7, ...}, AT_SYMLINK_NOFOLLOW) = 0
readlinkat(5, "//usr/bin/linux64", "setarch", 4096) = 7
newfstatat(6, "whoami", {st_mode=S_IFREG|0755, st_size=35336, ...}, AT_SYMLINK_NOFOLLOW) = 0
newfstatat(6, "troff", {st_mode=S_IFREG|0755, st_size=744056, ...}, AT_SYMLINK_NOFOLLOW) = 0
newfstatat(6, "sg_prevent", {st_mode=S_IFREG|0755, st_size=14856, ...}, AT_SYMLINK_NOFOLLOW) = 0
newfstatat(6, "ipcmk", {st_mode=S_IFREG|0755, st_size=22984, ...}, AT_SYMLINK_NOFOLLOW) = 0
newfstatat(6, "debconf-set-selections", {st_mode=S_IFREG|0755, st_size=3216, ...}, AT_SYMLINK_NOFOLLOW) = 0
newfstatat(6, "x86_64-linux-gnu-objdump", {st_mode=S_IFREG|0755, st_size=390848, ...}, AT_SYMLINK_NOFOLLOW) = 0
newfstatat(6, "unicode_start", {st_mode=S_IFREG|0755, st_size=2772, ...}, AT_SYMLINK_NOFOLLOW) = 0
newfstatat(6, "pr", {st_mode=S_IFREG|0755, st_size=72272, ...}, AT_SYMLINK_NOFOLLOW) = 0
newfstatat(6, "stat", {st_mode=S_IFREG|0755, st_size=88592, ...}, AT_SYMLINK_NOFOLLOW) = 0
newfstatat(6, "tnftp", {st_mode=S_IFREG|0755, st_size=187288, ...}, AT_SYMLINK_NOFOLLOW) = 0
newfstatat(6, "shuf", {st_mode=S_IFREG|0755, st_size=47624, ...}, AT_SYMLINK_NOFOLLOW) = 0
newfstatat(6, "select-editor", {st_mode=S_IFREG|0755, st_size=2450, ...}, AT_SYMLINK_NOFOLLOW) = 0
newfstatat(6, "perl5.38-x86_64-linux-gnu", {st_mode=S_IFREG|0755, st_size=14648, ...}, AT_SYMLINK_NOFOLLOW) = 0
newfstatat(6, "uncompress", {st_mode=S_IFREG|0755, st_size=2346, ...}, AT_SYMLINK_NOFOLLOW) = 0
newfstatat(6, "byobu-ugraph", {st_mode=S_IFREG|0755, st_size=4667, ...}, AT_SYMLINK_NOFOLLOW) = 0
newfstatat(6, "pdb3", {st_mode=S_IFLNK|0777, st_size=7, ...}, AT_SYMLINK_NOFOLLOW) = 0
readlinkat(5, "//usr/bin/pdb3", "pdb3.12", 4096) = 7
newfstatat(6, "ssh-argv0", {st_mode=S_IFREG|0755, st_size=1455, ...}, AT_SYMLINK_NOFOLLOW) = 0
newfstatat(6, "dpkg-statoverride", {st_mode=S_IFREG|0755, st_size=51592, ...}, AT_SYMLINK_NOFOLLOW) = 0
newfstatat(6, "chardetect", {st_mode=S_IFREG|0755, st_size=221, ...}, AT_SYMLINK_NOFOLLOW) = 0
newfstatat(6, "w", {st_mode=S_IFREG|0755, st_size=27008, ...}, AT_SYMLINK_NOFOLLOW) = 0
newfstatat(6, "sg_copy_results", {st_mode=S_IFREG|0755, st_size=23856, ...}, AT_SYMLINK_NOFOLLOW) = 0
newfstatat(6, "kbdinfo", {st_mode=S_IFREG|0755, st_size=18808, ...}, AT_SYMLINK_NOFOLLOW) = 0
newfstatat(6, "x86_64-linux-gnu-readelf", {st_mode=S_IFREG|0755, st_size=789280, ...}, AT_SYMLINK_NOFOLLOW) = 0
newfstatat(6, "grub-glue-efi", {st_mode=S_IFREG|0755, st_size=105352, ...}, AT_SYMLINK_NOFOLLOW) = 0
newfstatat(6, "bzip2recover", {st_mode=S_IFREG|0755, st_size=18736, ...}, AT_SYMLINK_NOFOLLOW) = 0
newfstatat(6, "add-apt-repository", {st_mode=S_IFREG|0755, st_size=16422, ...}, AT_SYMLINK_NOFOLLOW) = 0
newfstatat(6, "lslogins", {st_mode=S_IFREG|0755, st_size=51584, ...}, AT_SYMLINK_NOFOLLOW) = 0
newfstatat(6, "perldoc", {st_mode=S_IFREG|0755, st_size=125, ...}, AT_SYMLINK_NOFOLLOW) = 0
newfstatat(6, "git-receive-pack", {st_mode=S_IFLNK|0777, st_size=3, ...}, AT_SYMLINK_NOFOLLOW) = 0
readlinkat(5, "//usr/bin/git-receive-pack", "git", 4096) = 3
newfstatat(6, "sg_map", {st_mode=S_IFREG|0755, st_size=18744, ...}, AT_SYMLINK_NOFOLLOW) = 0
newfstatat(6, "byobu-launch", {st_mode=S_IFREG|0755, st_size=3329, ...}, AT_SYMLINK_NOFOLLOW) = 0
newfstatat(6, "dbus-monitor", {st_mode=S_IFREG|0755, st_size=26928, ...}, AT_SYMLINK_NOFOLLOW) = 0
newfstatat(6, "gcov-dump-13", {st_mode=S_IFLNK|0777, st_size=29, ...}, AT_SYMLINK_NOFOLLOW) = 0
readlinkat(5, "//usr/bin/gcov-dump-13", "x86_64-linux-gnu-gcov-dump-13", 4096) = 29
newfstatat(6, "byobu-select-profile", {st_mode=S_IFREG|0755, st_size=5180, ...}, AT_SYMLINK_NOFOLLOW) = 0
newfstatat(6, "bashbug", {st_mode=S_IFREG|0755, st_size=6988, ...}, AT_SYMLINK_NOFOLLOW) = 0
newfstatat(6, "ld.gold", {st_mode=S_IFLNK|0777, st_size=24, ...}, AT_SYMLINK_NOFOLLOW) = 0
readlinkat(5, "//usr/bin/ld.gold", "x86_64-linux-gnu-ld.gold", 4096) = 24
newfstatat(6, "host", {st_mode=S_IFREG|0755, st_size=121672, ...}, AT_SYMLINK_NOFOLLOW) = 0
newfstatat(6, "btrfsck", {st_mode=S_IFLNK|0777, st_size=5, ...}, AT_SYMLINK_NOFOLLOW) = 0
readlinkat(5, "//usr/bin/btrfsck", "btrfs", 4096) = 5
newfstatat(6, "rm", {st_mode=S_IFREG|0755, st_size=59912, ...}, AT_SYMLINK_NOFOLLOW) = 0
newfstatat(6, "sha1sum", {st_mode=S_IFREG|0755, st_size=39336, ...}, AT_SYMLINK_NOFOLLOW) = 0
newfstatat(6, "systemd-hwdb", {st_mode=S_IFREG|0755, st_size=158456, ...}, AT_SYMLINK_NOFOLLOW) = 0
newfstatat(6, "gpg-connect-agent", {st_mode=S_IFREG|0755, st_size=89400, ...}, AT_SYMLINK_NOFOLLOW) = 0
newfstatat(6, "readelf", {st_mode=S_IFLNK|0777, st_size=24, ...}, AT_SYMLINK_NOFOLLOW) = 0
readlinkat(5, "//usr/bin/readelf", "x86_64-linux-gnu-readelf", 4096) = 24
newfstatat(6, "top", {st_mode=S_IFREG|0755, st_size=134864, ...}, AT_SYMLINK_NOFOLLOW) = 0
newfstatat(6, "gio-querymodules", {st_mode=S_IFLNK|0777, st_size=49, ...}, AT_SYMLINK_NOFOLLOW) = 0
readlinkat(5, "//usr/bin/gio-querymodules", "../lib/x86_64-linux-gnu/glib-2.0"..., 4096) = 49
newfstatat(6, "x86_64-linux-gnu-addr2line", {st_mode=S_IFREG|0755, st_size=31440, ...}, AT_SYMLINK_NOFOLLOW) = 0
newfstatat(6, "pyhtmlizer3", {st_mode=S_IFREG|0755, st_size=222, ...}, AT_SYMLINK_NOFOLLOW) = 0
newfstatat(6, "sos", {st_mode=S_IFREG|0755, st_size=612, ...}, AT_SYMLINK_NOFOLLOW) = 0
newfstatat(6, "whatis", {st_mode=S_IFREG|0755, st_size=48416, ...}, AT_SYMLINK_NOFOLLOW) = 0
newfstatat(6, "pro", {st_mode=S_IFLNK|0777, st_size=16, ...}, AT_SYMLINK_NOFOLLOW) = 0
readlinkat(5, "//usr/bin/pro", "ubuntu-advantage", 4096) = 16
newfstatat(6, "apport-bug", {st_mode=S_IFREG|0755, st_size=2322, ...}, AT_SYMLINK_NOFOLLOW) = 0
newfstatat(6, "col8", {st_mode=S_IFLNK|0777, st_size=4, ...}, AT_SYMLINK_NOFOLLOW) = 0
readlinkat(5, "//usr/bin/col8", "col1", 4096) = 4
newfstatat(6, "logger", {st_mode=S_IFREG|0755, st_size=39904, ...}, AT_SYMLINK_NOFOLLOW) = 0
newfstatat(6, "x86_64-linux-gnu-gp-display-text", {st_mode=S_IFREG|0755, st_size=297336, ...}, AT_SYMLINK_NOFOLLOW) = 0
getdents64(6, 0x2000003f4a38 /* 62 entries */, 2048) = 2032
newfstatat(6, "systemd-sysusers", {st_mode=S_IFREG|0755, st_size=68224, ...}, AT_SYMLINK_NOFOLLOW) = 0
newfstatat(6, "x86_64-linux-gnu-cpp", {st_mode=S_IFLNK|0777, st_size=23, ...}, AT_SYMLINK_NOFOLLOW) = 0
readlinkat(5, "//usr/bin/x86_64-linux-gnu-cpp", "x86_64-linux-gnu-cpp-13", 4096) = 23
newfstatat(6, "as", {st_mode=S_IFLNK|0777, st_size=19, ...}, AT_SYMLINK_NOFOLLOW) = 0
readlinkat(5, "//usr/bin/as", "x86_64-linux-gnu-as", 4096) = 19
newfstatat(6, "getent", {st_mode=S_IFREG|0755, st_size=39648, ...}, AT_SYMLINK_NOFOLLOW) = 0
newfstatat(6, "pybabel", {st_mode=S_IFLNK|0777, st_size=25, ...}, AT_SYMLINK_NOFOLLOW) = 0
readlinkat(5, "//usr/bin/pybabel", "/etc/alternatives/pybabel", 4096) = 25
newfstatat(6, "chsh", {st_mode=S_IFREG|S_ISUID|0755, st_size=44760, ...}, AT_SYMLINK_NOFOLLOW) = 0
newfstatat(6, "ping", {st_mode=S_IFREG|0755, st_size=89768, ...}, AT_SYMLINK_NOFOLLOW) = 0
newfstatat(6, "dpkg-name", {st_mode=S_IFREG|0755, st_size=6772, ...}, AT_SYMLINK_NOFOLLOW) = 0
newfstatat(6, "ssh-copy-id", {st_mode=S_IFREG|0755, st_size=13078, ...}, AT_SYMLINK_NOFOLLOW) = 0
newfstatat(6, "ntfsdecrypt", {st_mode=S_IFREG|0755, st_size=43400, ...}, AT_SYMLINK_NOFOLLOW) = 0
newfstatat(6, "x86_64-linux-gnu-ranlib", {st_mode=S_IFREG|0755, st_size=55792, ...}, AT_SYMLINK_NOFOLLOW) = 0
newfstatat(6, "ptar", {st_mode=S_IFREG|0755, st_size=3566, ...}, AT_SYMLINK_NOFOLLOW) = 0
newfstatat(6, "pbputs", {st_mode=S_IFLNK|0777, st_size=5, ...}, AT_SYMLINK_NOFOLLOW) = 0
readlinkat(5, "//usr/bin/pbputs", "pbput", 4096) = 5
newfstatat(6, "addr2line", {st_mode=S_IFLNK|0777, st_size=26, ...}, AT_SYMLINK_NOFOLLOW) = 0
readlinkat(5, "//usr/bin/addr2line", "x86_64-linux-gnu-addr2line", 4096) = 26
newfstatat(6, "sg_timestamp", {st_mode=S_IFREG|0755, st_size=23376, ...}, AT_SYMLINK_NOFOLLOW) = 0
newfstatat(6, "fusermount3", {st_mode=S_IFREG|S_ISUID|0755, st_size=39296, ...}, AT_SYMLINK_NOFOLLOW) = 0
newfstatat(6, "loadkeys", {st_mode=S_IFREG|0755, st_size=207768, ...}, AT_SYMLINK_NOFOLLOW) = 0
newfstatat(6, "efibootmgr", {st_mode=S_IFREG|0755, st_size=48832, ...}, AT_SYMLINK_NOFOLLOW) = 0
newfstatat(6, "netaddr", {st_mode=S_IFREG|0755, st_size=959, ...}, AT_SYMLINK_NOFOLLOW) = 0
newfstatat(6, "groff", {st_mode=S_IFREG|0755, st_size=96776, ...}, AT_SYMLINK_NOFOLLOW) = 0
newfstatat(6, "ntfs-3g.probe", {st_mode=S_IFREG|0755, st_size=14720, ...}, AT_SYMLINK_NOFOLLOW) = 0
newfstatat(6, "base64", {st_mode=S_IFREG|0755, st_size=39432, ...}, AT_SYMLINK_NOFOLLOW) = 0
newfstatat(6, "sbkeysync", {st_mode=S_IFREG|0755, st_size=35576, ...}, AT_SYMLINK_NOFOLLOW) = 0
newfstatat(6, "chfn", {st_mode=S_IFREG|S_ISUID|0755, st_size=72792, ...}, AT_SYMLINK_NOFOLLOW) = 0
newfstatat(6, "journalctl", {st_mode=S_IFREG|0755, st_size=80800, ...}, AT_SYMLINK_NOFOLLOW) = 0
newfstatat(6, "gzip", {st_mode=S_IFREG|0755, st_size=93424, ...}, AT_SYMLINK_NOFOLLOW) = 0
newfstatat(6, "tail", {st_mode=S_IFREG|0755, st_size=64032, ...}, AT_SYMLINK_NOFOLLOW) = 0
newfstatat(6, "sg_verify", {st_mode=S_IFREG|0755, st_size=23464, ...}, AT_SYMLINK_NOFOLLOW) = 0
newfstatat(6, "x86_64-linux-gnu-c++filt", {st_mode=S_IFREG|0755, st_size=22800, ...}, AT_SYMLINK_NOFOLLOW) = 0
newfstatat(6, "pldd", {st_mode=S_IFREG|0755, st_size=22976, ...}, AT_SYMLINK_NOFOLLOW) = 0
newfstatat(6, "sg_reset", {st_mode=S_IFREG|0755, st_size=15016, ...}, AT_SYMLINK_NOFOLLOW) = 0
newfstatat(6, "grub-mkstandalone", {st_mode=S_IFREG|0755, st_size=522408, ...}, AT_SYMLINK_NOFOLLOW) = 0
newfstatat(6, "getkeycodes", {st_mode=S_IFREG|0755, st_size=14712, ...}, AT_SYMLINK_NOFOLLOW) = 0
newfstatat(6, "sgm_dd", {st_mode=S_IFREG|0755, st_size=35136, ...}, AT_SYMLINK_NOFOLLOW) = 0
newfstatat(6, "flock", {st_mode=S_IFREG|0755, st_size=23024, ...}, AT_SYMLINK_NOFOLLOW) = 0
newfstatat(6, "uclampset", {st_mode=S_IFREG|0755, st_size=31104, ...}, AT_SYMLINK_NOFOLLOW) = 0
newfstatat(6, "delpart", {st_mode=S_IFREG|0755, st_size=14720, ...}, AT_SYMLINK_NOFOLLOW) = 0
newfstatat(6, "lzfgrep", {st_mode=S_IFLNK|0777, st_size=25, ...}, AT_SYMLINK_NOFOLLOW) = 0
readlinkat(5, "//usr/bin/lzfgrep", "/etc/alternatives/lzfgrep", 4096) = 25
newfstatat(6, "x86_64-linux-gnu-elfedit", {st_mode=S_IFREG|0755, st_size=35552, ...}, AT_SYMLINK_NOFOLLOW) = 0
newfstatat(6, "write", {st_mode=S_IFREG|0755, st_size=22920, ...}, AT_SYMLINK_NOFOLLOW) = 0
newfstatat(6, "ntfs-3g", {st_mode=S_IFREG|0755, st_size=162824, ...}, AT_SYMLINK_NOFOLLOW) = 0
newfstatat(6, "fgrep", {st_mode=S_IFREG|0755, st_size=41, ...}, AT_SYMLINK_NOFOLLOW) = 0
newfstatat(6, "x86_64-linux-gnu-gp-archive", {st_mode=S_IFREG|0755, st_size=162336, ...}, AT_SYMLINK_NOFOLLOW) = 0
newfstatat(6, "chcon", {st_mode=S_IFREG|0755, st_size=59912, ...}, AT_SYMLINK_NOFOLLOW) = 0
newfstatat(6, "x86_64-linux-gnu-g++-13", {st_mode=S_IFREG|0755, st_size=1027128, ...}, AT_SYMLINK_NOFOLLOW) = 0
newfstatat(6, "geqn", {st_mode=S_IFLNK|0777, st_size=3, ...}, AT_SYMLINK_NOFOLLOW) = 0
readlinkat(5, "//usr/bin/geqn", "eqn", 4096) = 3
newfstatat(6, "dpkg-realpath", {st_mode=S_IFREG|0755, st_size=4185, ...}, AT_SYMLINK_NOFOLLOW) = 0
newfstatat(6, "gresource", {st_mode=S_IFREG|0755, st_size=22840, ...}, AT_SYMLINK_NOFOLLOW) = 0
newfstatat(6, "factor", {st_mode=S_IFREG|0755, st_size=64008, ...}, AT_SYMLINK_NOFOLLOW) = 0
newfstatat(6, "sg_rep_zones", {st_mode=S_IFREG|0755, st_size=27440, ...}, AT_SYMLINK_NOFOLLOW) = 0
newfstatat(6, "mktemp", {st_mode=S_IFREG|0755, st_size=35336, ...}, AT_SYMLINK_NOFOLLOW) = 0
newfstatat(6, "ntfsmove", {st_mode=S_IFREG|0755, st_size=31112, ...}, AT_SYMLINK_NOFOLLOW) = 0
newfstatat(6, "lzcmp", {st_mode=S_IFLNK|0777, st_size=23, ...}, AT_SYMLINK_NOFOLLOW) = 0
readlinkat(5, "//usr/bin/lzcmp", "/etc/alternatives/lzcmp", 4096) = 23
newfstatat(6, "perlbug", {st_mode=S_IFREG|0755, st_size=45593, ...}, AT_SYMLINK_NOFOLLOW) = 0
newfstatat(6, "lzegrep", {st_mode=S_IFLNK|0777, st_size=25, ...}, AT_SYMLINK_NOFOLLOW) = 0
readlinkat(5, "//usr/bin/lzegrep", "/etc/alternatives/lzegrep", 4096) = 25
newfstatat(6, "apt-cache", {st_mode=S_IFREG|0755, st_size=88544, ...}, AT_SYMLINK_NOFOLLOW) = 0
newfstatat(6, "sg_requests", {st_mode=S_IFREG|0755, st_size=23304, ...}, AT_SYMLINK_NOFOLLOW) = 0
newfstatat(6, "awk", {st_mode=S_IFLNK|0777, st_size=21, ...}, AT_SYMLINK_NOFOLLOW) = 0
readlinkat(5, "//usr/bin/awk", "/etc/alternatives/awk", 4096) = 21
newfstatat(6, "infotocap", {st_mode=S_IFLNK|0777, st_size=3, ...}, AT_SYMLINK_NOFOLLOW) = 0
readlinkat(5, "//usr/bin/infotocap", "tic", 4096) = 3
newfstatat(6, "gcc-ranlib-13", {st_mode=S_IFLNK|0777, st_size=30, ...}, AT_SYMLINK_NOFOLLOW) = 0
readlinkat(5, "//usr/bin/gcc-ranlib-13", "x86_64-linux-gnu-gcc-ranlib-13", 4096) = 30
newfstatat(6, "btrfstune", {st_mode=S_IFREG|0755, st_size=557360, ...}, AT_SYMLINK_NOFOLLOW) = 0
newfstatat(6, "pkill", {st_mode=S_IFLNK|0777, st_size=5, ...}, AT_SYMLINK_NOFOLLOW) = 0
readlinkat(5, "//usr/bin/pkill", "pgrep", 4096) = 5
getdents64(6, 0x2000003f4a38 /* 63 entries */, 2048) = 2048
newfstatat(6, "kbd_mode", {st_mode=S_IFREG|0755, st_size=15016, ...}, AT_SYMLINK_NOFOLLOW) = 0
newfstatat(6, "ntfstruncate", {st_mode=S_IFREG|0755, st_size=26936, ...}, AT_SYMLINK_NOFOLLOW) = 0
newfstatat(6, "zstdgrep", {st_mode=S_IFREG|0755, st_size=3869, ...}, AT_SYMLINK_NOFOLLOW) = 0
newfstatat(6, "who", {st_mode=S_IFREG|0755, st_size=59928, ...}, AT_SYMLINK_NOFOLLOW) = 0
newfstatat(6, "pod2html", {st_mode=S_IFREG|0755, st_size=4041, ...}, AT_SYMLINK_NOFOLLOW) = 0
newfstatat(6, "lsusb", {st_mode=S_IFREG|0755, st_size=252432, ...}, AT_SYMLINK_NOFOLLOW) = 0
newfstatat(6, "glib-compile-schemas", {st_mode=S_IFLNK|0777, st_size=53, ...}, AT_SYMLINK_NOFOLLOW) = 0
readlinkat(5, "//usr/bin/glib-compile-schemas", "../lib/x86_64-linux-gnu/glib-2.0"..., 4096) = 53
newfstatat(6, "lnstat", {st_mode=S_IFREG|0755, st_size=23200, ...}, AT_SYMLINK_NOFOLLOW) = 0
newfstatat(6, "pmap", {st_mode=S_IFREG|0755, st_size=35224, ...}, AT_SYMLINK_NOFOLLOW) = 0
newfstatat(6, "sg_reassign", {st_mode=S_IFREG|0755, st_size=19112, ...}, AT_SYMLINK_NOFOLLOW) = 0
newfstatat(6, "ntfscmp", {st_mode=S_IFREG|0755, st_size=31104, ...}, AT_SYMLINK_NOFOLLOW) = 0
newfstatat(6, "nl", {st_mode=S_IFREG|0755, st_size=39528, ...}, AT_SYMLINK_NOFOLLOW) = 0
newfstatat(6, "byobu-janitor", {st_mode=S_IFREG|0755, st_size=7209, ...}, AT_SYMLINK_NOFOLLOW) = 0
newfstatat(6, "lsattr", {st_mode=S_IFREG|0755, st_size=14656, ...}, AT_SYMLINK_NOFOLLOW) = 0
newfstatat(6, "run-one-constantly", {st_mode=S_IFLNK|0777, st_size=7, ...}, AT_SYMLINK_NOFOLLOW) = 0
readlinkat(5, "//usr/bin/run-one-constantly", "run-one", 4096) = 7
newfstatat(6, "wget", {st_mode=S_IFREG|0755, st_size=470032, ...}, AT_SYMLINK_NOFOLLOW) = 0
newfstatat(6, "sg_bg_ctl", {st_mode=S_IFREG|0755, st_size=14856, ...}, AT_SYMLINK_NOFOLLOW) = 0
newfstatat(6, "uniq", {st_mode=S_IFREG|0755, st_size=39432, ...}, AT_SYMLINK_NOFOLLOW) = 0
newfstatat(6, "x86_64-linux-gnu-lto-dump", {st_mode=S_IFLNK|0777, st_size=28, ...}, AT_SYMLINK_NOFOLLOW) = 0
readlinkat(5, "//usr/bin/x86_64-linux-gnu-lto-dump", "x86_64-linux-gnu-lto-dump-13", 4096) = 28
newfstatat(6, "usbip", {st_mode=S_IFREG|0755, st_size=1622, ...}, AT_SYMLINK_NOFOLLOW) = 0
newfstatat(6, "sensible-terminal", {st_mode=S_IFREG|0755, st_size=1176, ...}, AT_SYMLINK_NOFOLLOW) = 0
newfstatat(6, "perlthanks", {st_mode=S_IFREG|0755, st_size=45593, ...}, AT_SYMLINK_NOFOLLOW) = 0
newfstatat(6, "scsi_temperature", {st_mode=S_IFREG|0755, st_size=936, ...}, AT_SYMLINK_NOFOLLOW) = 0
newfstatat(6, "bpftrace-aotrt", {st_mode=S_IFREG|0755, st_size=1009016, ...}, AT_SYMLINK_NOFOLLOW) = 0
newfstatat(6, "yes", {st_mode=S_IFREG|0755, st_size=35208, ...}, AT_SYMLINK_NOFOLLOW) = 0
newfstatat(6, "rename.ul", {st_mode=S_IFREG|0755, st_size=22912, ...}, AT_SYMLINK_NOFOLLOW) = 0
newfstatat(6, "rsync-ssl", {st_mode=S_IFREG|0755, st_size=5136, ...}, AT_SYMLINK_NOFOLLOW) = 0
newfstatat(6, "clear", {st_mode=S_IFREG|0755, st_size=14656, ...}, AT_SYMLINK_NOFOLLOW) = 0
newfstatat(6, "systemd-detect-virt", {st_mode=S_IFREG|0755, st_size=18888, ...}, AT_SYMLINK_NOFOLLOW) = 0
newfstatat(6, "apport-unpack", {st_mode=S_IFREG|0755, st_size=3790, ...}, AT_SYMLINK_NOFOLLOW) = 0
newfstatat(6, "systemd-path", {st_mode=S_IFREG|0755, st_size=18888, ...}, AT_SYMLINK_NOFOLLOW) = 0
newfstatat(6, "x86_64-linux-gnu-ld.gold", {st_mode=S_IFREG|0755, st_size=3218592, ...}, AT_SYMLINK_NOFOLLOW) = 0
newfstatat(6, "qmi-network", {st_mode=S_IFREG|0755, st_size=16428, ...}, AT_SYMLINK_NOFOLLOW) = 0
newfstatat(6, "byobu-quiet", {st_mode=S_IFREG|0755, st_size=1410, ...}, AT_SYMLINK_NOFOLLOW) = 0
newfstatat(6, "vim.tiny", {st_mode=S_IFREG|0755, st_size=1736392, ...}, AT_SYMLINK_NOFOLLOW) = 0
newfstatat(6, "delv", {st_mode=S_IFREG|0755, st_size=45896, ...}, AT_SYMLINK_NOFOLLOW) = 0
newfstatat(6, "gprofng", {st_mode=S_IFLNK|0777, st_size=24, ...}, AT_SYMLINK_NOFOLLOW) = 0
readlinkat(5, "//usr/bin/gprofng", "x86_64-linux-gnu-gprofng", 4096) = 24
newfstatat(6, "envsubst", {st_mode=S_IFREG|0755, st_size=35200, ...}, AT_SYMLINK_NOFOLLOW) = 0
newfstatat(6, "run-this-one", {st_mode=S_IFLNK|0777, st_size=7, ...}, AT_SYMLINK_NOFOLLOW) = 0
readlinkat(5, "//usr/bin/run-this-one", "run-one", 4096) = 7
newfstatat(6, "which", {st_mode=S_IFLNK|0777, st_size=23, ...}, AT_SYMLINK_NOFOLLOW) = 0
readlinkat(5, "//usr/bin/which", "/etc/alternatives/which", 4096) = 23
newfstatat(6, "update-mime-database", {st_mode=S_IFREG|0755, st_size=76112, ...}, AT_SYMLINK_NOFOLLOW) = 0
newfstatat(6, "dpkg-vendor", {st_mode=S_IFREG|0755, st_size=3256, ...}, AT_SYMLINK_NOFOLLOW) = 0
newfstatat(6, "systemd-mount", {st_mode=S_IFREG|0755, st_size=52000, ...}, AT_SYMLINK_NOFOLLOW) = 0
newfstatat(6, "ntfsls", {st_mode=S_IFREG|0755, st_size=28112, ...}, AT_SYMLINK_NOFOLLOW) = 0
newfstatat(6, "py3clean", {st_mode=S_IFREG|0755, st_size=7814, ...}, AT_SYMLINK_NOFOLLOW) = 0
newfstatat(6, "vm-support", {st_mode=S_IFREG|0755, st_size=10066, ...}, AT_SYMLINK_NOFOLLOW) = 0
newfstatat(6, "usb-devices", {st_mode=S_IFREG|0755, st_size=4944, ...}, AT_SYMLINK_NOFOLLOW) = 0
newfstatat(6, "gp-display-html", {st_mode=S_IFLNK|0777, st_size=32, ...}, AT_SYMLINK_NOFOLLOW) = 0
readlinkat(5, "//usr/bin/gp-display-html", "x86_64-linux-gnu-gp-display-html", 4096) = 32
newfstatat(6, "jsonpatch", {st_mode=S_IFREG|0755, st_size=3859, ...}, AT_SYMLINK_NOFOLLOW) = 0
newfstatat(6, "tmux", {st_mode=S_IFREG|0755, st_size=1102608, ...}, AT_SYMLINK_NOFOLLOW) = 0
newfstatat(6, "byobu", {st_mode=S_IFREG|0755, st_size=8703, ...}, AT_SYMLINK_NOFOLLOW) = 0
newfstatat(6, "cmp", {st_mode=S_IFREG|0755, st_size=43408, ...}, AT_SYMLINK_NOFOLLOW) = 0
newfstatat(6, "gp-display-text", {st_mode=S_IFLNK|0777, st_size=32, ...}, AT_SYMLINK_NOFOLLOW) = 0
readlinkat(5, "//usr/bin/gp-display-text", "x86_64-linux-gnu-gp-display-text", 4096) = 32
newfstatat(6, "prlimit", {st_mode=S_IFREG|0755, st_size=27536, ...}, AT_SYMLINK_NOFOLLOW) = 0
newfstatat(6, "csplit", {st_mode=S_IFREG|0755, st_size=51720, ...}, AT_SYMLINK_NOFOLLOW) = 0
newfstatat(6, "lessecho", {st_mode=S_IFREG|0755, st_size=14656, ...}, AT_SYMLINK_NOFOLLOW) = 0
newfstatat(6, "locale", {st_mode=S_IFREG|0755, st_size=50824, ...}, AT_SYMLINK_NOFOLLOW) = 0
newfstatat(6, "tset", {st_mode=S_IFREG|0755, st_size=26944, ...}, AT_SYMLINK_NOFOLLOW) = 0
newfstatat(6, "diff3", {st_mode=S_IFREG|0755, st_size=59920, ...}, AT_SYMLINK_NOFOLLOW) = 0
newfstatat(6, "pico", {st_mode=S_IFLNK|0777, st_size=22, ...}, AT_SYMLINK_NOFOLLOW) = 0
readlinkat(5, "//usr/bin/pico", "/etc/alternatives/pico", 4096) = 22
newfstatat(6, "c++", {st_mode=S_IFLNK|0777, st_size=21, ...}, AT_SYMLINK_NOFOLLOW) = 0
readlinkat(5, "//usr/bin/c++", "/etc/alternatives/c++", 4096) = 21
newfstatat(6, "rgrep", {st_mode=S_IFREG|0755, st_size=30, ...}, AT_SYMLINK_NOFOLLOW) = 0
newfstatat(6, "wdctl", {st_mode=S_IFREG|0755, st_size=35224, ...}, AT_SYMLINK_NOFOLLOW) = 0
getdents64(6, 0x2000003f4a38 /* 61 entries */, 2048) = 2032
newfstatat(6, "kill", {st_mode=S_IFREG|0755, st_size=22912, ...}, AT_SYMLINK_NOFOLLOW) = 0
newfstatat(6, "gcc-13", {st_mode=S_IFLNK|0777, st_size=23, ...}, AT_SYMLINK_NOFOLLOW) = 0
readlinkat(5, "//usr/bin/gcc-13", "x86_64-linux-gnu-gcc-13", 4096) = 23
newfstatat(6, "mandb", {st_mode=S_IFREG|0755, st_size=147120, ...}, AT_SYMLINK_NOFOLLOW) = 0
newfstatat(6, "curl", {st_mode=S_IFREG|0755, st_size=297288, ...}, AT_SYMLINK_NOFOLLOW) = 0
newfstatat(6, "readlink", {st_mode=S_IFREG|0755, st_size=43432, ...}, AT_SYMLINK_NOFOLLOW) = 0
newfstatat(6, "hardlink", {st_mode=S_IFREG|0755, st_size=47600, ...}, AT_SYMLINK_NOFOLLOW) = 0
newfstatat(6, "pidwait", {st_mode=S_IFREG|0755, st_size=35296, ...}, AT_SYMLINK_NOFOLLOW) = 0
newfstatat(6, "col2", {st_mode=S_IFLNK|0777, st_size=4, ...}, AT_SYMLINK_NOFOLLOW) = 0
readlinkat(5, "//usr/bin/col2", "col1", 4096) = 4
newfstatat(6, "json_pp", {st_mode=S_IFREG|0755, st_size=4992, ...}, AT_SYMLINK_NOFOLLOW) = 0
newfstatat(6, "sg_rdac", {st_mode=S_IFREG|0755, st_size=18744, ...}, AT_SYMLINK_NOFOLLOW) = 0
newfstatat(6, "gpgconf", {st_mode=S_IFREG|0755, st_size=118128, ...}, AT_SYMLINK_NOFOLLOW) = 0
newfstatat(6, "inetutils-telnet", {st_mode=S_IFREG|0755, st_size=182120, ...}, AT_SYMLINK_NOFOLLOW) = 0
newfstatat(6, "gzexe", {st_mode=S_IFREG|0755, st_size=6447, ...}, AT_SYMLINK_NOFOLLOW) = 0
newfstatat(6, "scriptreplay", {st_mode=S_IFREG|0755, st_size=35200, ...}, AT_SYMLINK_NOFOLLOW) = 0
newfstatat(6, "x86_64-linux-gnu-gcc-ar-13", {st_mode=S_IFREG|0755, st_size=27216, ...}, AT_SYMLINK_NOFOLLOW) = 0
newfstatat(6, "zcat", {st_mode=S_IFREG|0755, st_size=1984, ...}, AT_SYMLINK_NOFOLLOW) = 0
newfstatat(6, "systemd-firstboot", {st_mode=S_IFREG|0755, st_size=60232, ...}, AT_SYMLINK_NOFOLLOW) = 0
newfstatat(6, "gpasswd", {st_mode=S_IFREG|S_ISUID|0755, st_size=76248, ...}, AT_SYMLINK_NOFOLLOW) = 0
newfstatat(6, "gpg-agent", {st_mode=S_IFREG|0755, st_size=366096, ...}, AT_SYMLINK_NOFOLLOW) = 0
newfstatat(6, "rmdir", {st_mode=S_IFREG|0755, st_size=47528, ...}, AT_SYMLINK_NOFOLLOW) = 0
newfstatat(6, "finalrd", {st_mode=S_IFREG|0755, st_size=2112, ...}, AT_SYMLINK_NOFOLLOW) = 0
newfstatat(6, "prtstat", {st_mode=S_IFREG|0755, st_size=18816, ...}, AT_SYMLINK_NOFOLLOW) = 0
newfstatat(6, "c_rehash", {st_mode=S_IFREG|0755, st_size=6841, ...}, AT_SYMLINK_NOFOLLOW) = 0
newfstatat(6, "setsid", {st_mode=S_IFREG|0755, st_size=14720, ...}, AT_SYMLINK_NOFOLLOW) = 0
newfstatat(6, "wifi-status", {st_mode=S_IFREG|0755, st_size=2107, ...}, AT_SYMLINK_NOFOLLOW) = 0
newfstatat(6, "infobrowser", {st_mode=S_IFLNK|0777, st_size=29, ...}, AT_SYMLINK_NOFOLLOW) = 0
readlinkat(5, "//usr/bin/infobrowser", "/etc/alternatives/infobrowser", 4096) = 29
newfstatat(6, "lastb", {st_mode=S_IFLNK|0777, st_size=4, ...}, AT_SYMLINK_NOFOLLOW) = 0
readlinkat(5, "//usr/bin/lastb", "last", 4096) = 4
newfstatat(6, "grub-syslinux2cfg", {st_mode=S_IFREG|0755, st_size=715480, ...}, AT_SYMLINK_NOFOLLOW) = 0
newfstatat(6, "killall", {st_mode=S_IFREG|0755, st_size=32096, ...}, AT_SYMLINK_NOFOLLOW) = 0
newfstatat(6, "debconf", {st_mode=S_IFREG|0755, st_size=2870, ...}, AT_SYMLINK_NOFOLLOW) = 0
newfstatat(6, "col5", {st_mode=S_IFLNK|0777, st_size=4, ...}, AT_SYMLINK_NOFOLLOW) = 0
readlinkat(5, "//usr/bin/col5", "col1", 4096) = 4
newfstatat(6, "mt-gnu", {st_mode=S_IFREG|0755, st_size=72432, ...}, AT_SYMLINK_NOFOLLOW) = 0
newfstatat(6, "sg_vpd", {st_mode=S_IFREG|0755, st_size=121264, ...}, AT_SYMLINK_NOFOLLOW) = 0
newfstatat(6, "lshw", {st_mode=S_IFREG|0755, st_size=980168, ...}, AT_SYMLINK_NOFOLLOW) = 0
newfstatat(6, "tput", {st_mode=S_IFREG|0755, st_size=26968, ...}, AT_SYMLINK_NOFOLLOW) = 0
newfstatat(6, "instmodsh", {st_mode=S_IFREG|0755, st_size=4373, ...}, AT_SYMLINK_NOFOLLOW) = 0
newfstatat(6, "encguess", {st_mode=S_IFREG|0755, st_size=3069, ...}, AT_SYMLINK_NOFOLLOW) = 0
newfstatat(6, "dmesg", {st_mode=S_IFREG|0755, st_size=70288, ...}, AT_SYMLINK_NOFOLLOW) = 0
newfstatat(6, "runcon", {st_mode=S_IFREG|0755, st_size=35336, ...}, AT_SYMLINK_NOFOLLOW) = 0
newfstatat(6, "mokutil", {st_mode=S_IFREG|0755, st_size=60904, ...}, AT_SYMLINK_NOFOLLOW) = 0
newfstatat(6, "bzmore", {st_mode=S_IFREG|0755, st_size=1297, ...}, AT_SYMLINK_NOFOLLOW) = 0
newfstatat(6, "on_ac_power", {st_mode=S_IFLNK|0777, st_size=17, ...}, AT_SYMLINK_NOFOLLOW) = 0
readlinkat(5, "//usr/bin/on_ac_power", "/sbin/on_ac_power", 4096) = 17
newfstatat(6, "gapplication", {st_mode=S_IFREG|0755, st_size=22920, ...}, AT_SYMLINK_NOFOLLOW) = 0
newfstatat(6, "dh_installxmlcatalogs", {st_mode=S_IFREG|0755, st_size=9444, ...}, AT_SYMLINK_NOFOLLOW) = 0
newfstatat(6, "sg_sat_phy_event", {st_mode=S_IFREG|0755, st_size=19464, ...}, AT_SYMLINK_NOFOLLOW) = 0
newfstatat(6, "x86_64-linux-gnu-size", {st_mode=S_IFREG|0755, st_size=31184, ...}, AT_SYMLINK_NOFOLLOW) = 0
newfstatat(6, "numactl", {st_mode=S_IFREG|0755, st_size=36080, ...}, AT_SYMLINK_NOFOLLOW) = 0
newfstatat(6, "sbattach", {st_mode=S_IFREG|0755, st_size=23080, ...}, AT_SYMLINK_NOFOLLOW) = 0
newfstatat(6, "x86_64-linux-gnu-gp-display-src", {st_mode=S_IFREG|0755, st_size=153960, ...}, AT_SYMLINK_NOFOLLOW) = 0
newfstatat(6, "qmi-firmware-update", {st_mode=S_IFREG|0755, st_size=172128, ...}, AT_SYMLINK_NOFOLLOW) = 0
newfstatat(6, "c++filt", {st_mode=S_IFLNK|0777, st_size=24, ...}, AT_SYMLINK_NOFOLLOW) = 0
readlinkat(5, "//usr/bin/c++filt", "x86_64-linux-gnu-c++filt", 4096) = 24
newfstatat(6, "gtbl", {st_mode=S_IFLNK|0777, st_size=3, ...}, AT_SYMLINK_NOFOLLOW) = 0
readlinkat(5, "//usr/bin/gtbl", "tbl", 4096) = 3
newfstatat(6, "rnano", {st_mode=S_IFLNK|0777, st_size=4, ...}, AT_SYMLINK_NOFOLLOW) = 0
readlinkat(5, "//usr/bin/rnano", "nano", 4096) = 4
newfstatat(6, "sg_write_verify", {st_mode=S_IFREG|0755, st_size=27432, ...}, AT_SYMLINK_NOFOLLOW) = 0
newfstatat(6, "sdiff", {st_mode=S_IFREG|0755, st_size=51600, ...}, AT_SYMLINK_NOFOLLOW) = 0
newfstatat(6, "x86_64-linux-gnu-gcov-tool", {st_mode=S_IFLNK|0777, st_size=29, ...}, AT_SYMLINK_NOFOLLOW) = 0
readlinkat(5, "//usr/bin/x86_64-linux-gnu-gcov-tool", "x86_64-linux-gnu-gcov-tool-13", 4096) = 29
newfstatat(6, "pod2text", {st_mode=S_IFREG|0755, st_size=13112, ...}, AT_SYMLINK_NOFOLLOW) = 0
newfstatat(6, "setterm", {st_mode=S_IFREG|0755, st_size=35200, ...}, AT_SYMLINK_NOFOLLOW) = 0
newfstatat(6, "addpart", {st_mode=S_IFREG|0755, st_size=14720, ...}, AT_SYMLINK_NOFOLLOW) = 0
newfstatat(6, "kbxutil", {st_mode=S_IFREG|0755, st_size=64336, ...}, AT_SYMLINK_NOFOLLOW) = 0
newfstatat(6, "apport-collect", {st_mode=S_IFLNK|0777, st_size=10, ...}, AT_SYMLINK_NOFOLLOW) = 0
readlinkat(5, "//usr/bin/apport-collect", "apport-bug", 4096) = 10
getdents64(6, 0x2000003f4a38 /* 62 entries */, 2048) = 2032
newfstatat(6, "gpgv", {st_mode=S_IFREG|0755, st_size=310416, ...}, AT_SYMLINK_NOFOLLOW) = 0
newfstatat(6, "join", {st_mode=S_IFREG|0755, st_size=51760, ...}, AT_SYMLINK_NOFOLLOW) = 0
newfstatat(6, "sensible-pager", {st_mode=S_IFREG|0755, st_size=921, ...}, AT_SYMLINK_NOFOLLOW) = 0
newfstatat(6, "lspgpot", {st_mode=S_IFREG|0755, st_size=1081, ...}, AT_SYMLINK_NOFOLLOW) = 0
newfstatat(6, "dpkg-genchanges", {st_mode=S_IFREG|0755, st_size=18353, ...}, AT_SYMLINK_NOFOLLOW) = 0
newfstatat(6, "dpkg-buildpackage", {st_mode=S_IFREG|0755, st_size=35017, ...}, AT_SYMLINK_NOFOLLOW) = 0
newfstatat(6, "last", {st_mode=S_IFREG|0755, st_size=35200, ...}, AT_SYMLINK_NOFOLLOW) = 0
newfstatat(6, "distro-info", {st_mode=S_IFLNK|0777, st_size=18, ...}, AT_SYMLINK_NOFOLLOW) = 0
readlinkat(5, "//usr/bin/distro-info", "ubuntu-distro-info", 4096) = 18
newfstatat(6, "dirname", {st_mode=S_IFREG|0755, st_size=35208, ...}, AT_SYMLINK_NOFOLLOW) = 0
newfstatat(6, "basenc", {st_mode=S_IFREG|0755, st_size=47624, ...}, AT_SYMLINK_NOFOLLOW) = 0
newfstatat(6, "ntfscluster", {st_mode=S_IFREG|0755, st_size=39304, ...}, AT_SYMLINK_NOFOLLOW) = 0
newfstatat(6, "mapscrn", {st_mode=S_IFREG|0755, st_size=31192, ...}, AT_SYMLINK_NOFOLLOW) = 0
newfstatat(6, "snice", {st_mode=S_IFLNK|0777, st_size=5, ...}, AT_SYMLINK_NOFOLLOW) = 0
readlinkat(5, "//usr/bin/snice", "skill", 4096) = 5
newfstatat(6, "lspci", {st_mode=S_IFREG|0755, st_size=102512, ...}, AT_SYMLINK_NOFOLLOW) = 0
newfstatat(6, "fakeroot-sysv", {st_mode=S_IFREG|0755, st_size=3995, ...}, AT_SYMLINK_NOFOLLOW) = 0
newfstatat(6, "purge-old-kernels", {st_mode=S_IFREG|0755, st_size=1149, ...}, AT_SYMLINK_NOFOLLOW) = 0
newfstatat(6, "systemd-ac-power", {st_mode=S_IFREG|0755, st_size=14792, ...}, AT_SYMLINK_NOFOLLOW) = 0
newfstatat(6, "sg_stpg", {st_mode=S_IFREG|0755, st_size=23272, ...}, AT_SYMLINK_NOFOLLOW) = 0
newfstatat(6, "zdump", {st_mode=S_IFREG|0755, st_size=31008, ...}, AT_SYMLINK_NOFOLLOW) = 0
newfstatat(6, "ranlib", {st_mode=S_IFLNK|0777, st_size=23, ...}, AT_SYMLINK_NOFOLLOW) = 0
readlinkat(5, "//usr/bin/ranlib", "x86_64-linux-gnu-ranlib", 4096) = 23
newfstatat(6, "pl2pm", {st_mode=S_IFREG|0755, st_size=4536, ...}, AT_SYMLINK_NOFOLLOW) = 0
newfstatat(6, "mtrace", {st_mode=S_IFREG|0755, st_size=6525, ...}, AT_SYMLINK_NOFOLLOW) = 0
newfstatat(6, "lzgrep", {st_mode=S_IFLNK|0777, st_size=24, ...}, AT_SYMLINK_NOFOLLOW) = 0
readlinkat(5, "//usr/bin/lzgrep", "/etc/alternatives/lzgrep", 4096) = 24
newfstatat(6, "json-patch-jsondiff", {st_mode=S_IFREG|0755, st_size=1004, ...}, AT_SYMLINK_NOFOLLOW) = 0
newfstatat(6, "ptargrep", {st_mode=S_IFREG|0755, st_size=4395, ...}, AT_SYMLINK_NOFOLLOW) = 0
newfstatat(6, "ucfq", {st_mode=S_IFREG|0755, st_size=19367, ...}, AT_SYMLINK_NOFOLLOW) = 0
newfstatat(6, "apt-get", {st_mode=S_IFREG|0755, st_size=51680, ...}, AT_SYMLINK_NOFOLLOW) = 0
newfstatat(6, "systemctl", {st_mode=S_IFREG|0755, st_size=1501304, ...}, AT_SYMLINK_NOFOLLOW) = 0
newfstatat(6, "lzdiff", {st_mode=S_IFLNK|0777, st_size=24, ...}, AT_SYMLINK_NOFOLLOW) = 0
readlinkat(5, "//usr/bin/lzdiff", "/etc/alternatives/lzdiff", 4096) = 24
newfstatat(6, "pygmentize", {st_mode=S_IFREG|0755, st_size=215, ...}, AT_SYMLINK_NOFOLLOW) = 0
newfstatat(6, "xzdiff", {st_mode=S_IFREG|0755, st_size=7422, ...}, AT_SYMLINK_NOFOLLOW) = 0
newfstatat(6, "grub-mklayout", {st_mode=S_IFREG|0755, st_size=105704, ...}, AT_SYMLINK_NOFOLLOW) = 0
newfstatat(6, "byobu-launcher-install", {st_mode=S_IFREG|0755, st_size=2529, ...}, AT_SYMLINK_NOFOLLOW) = 0
newfstatat(6, "c89", {st_mode=S_IFLNK|0777, st_size=21, ...}, AT_SYMLINK_NOFOLLOW) = 0
readlinkat(5, "//usr/bin/c89", "/etc/alternatives/c89", 4096) = 21
newfstatat(6, "apt-sortpkgs", {st_mode=S_IFREG|0755, st_size=51608, ...}, AT_SYMLINK_NOFOLLOW) = 0
newfstatat(6, "bzcmp", {st_mode=S_IFLNK|0777, st_size=6, ...}, AT_SYMLINK_NOFOLLOW) = 0
readlinkat(5, "//usr/bin/bzcmp", "bzdiff", 4096) = 6
newfstatat(6, "psfxtable", {st_mode=S_IFREG|0755, st_size=22904, ...}, AT_SYMLINK_NOFOLLOW) = 0
newfstatat(6, "gcc", {st_mode=S_IFLNK|0777, st_size=6, ...}, AT_SYMLINK_NOFOLLOW) = 0
readlinkat(5, "//usr/bin/gcc", "gcc-13", 4096) = 6
newfstatat(6, "cftp3", {st_mode=S_IFREG|0755, st_size=224, ...}, AT_SYMLINK_NOFOLLOW) = 0
newfstatat(6, "gcov-tool-13", {st_mode=S_IFLNK|0777, st_size=29, ...}, AT_SYMLINK_NOFOLLOW) = 0
readlinkat(5, "//usr/bin/gcov-tool-13", "x86_64-linux-gnu-gcov-tool-13", 4096) = 29
newfstatat(6, "gcc-nm", {st_mode=S_IFLNK|0777, st_size=9, ...}, AT_SYMLINK_NOFOLLOW) = 0
readlinkat(5, "//usr/bin/gcc-nm", "gcc-nm-13", 4096) = 9
newfstatat(6, "iostat", {st_mode=S_IFREG|0755, st_size=55744, ...}, AT_SYMLINK_NOFOLLOW) = 0
newfstatat(6, "dbus-uuidgen", {st_mode=S_IFREG|0755, st_size=14632, ...}, AT_SYMLINK_NOFOLLOW) = 0
newfstatat(6, "gcc-nm-13", {st_mode=S_IFLNK|0777, st_size=26, ...}, AT_SYMLINK_NOFOLLOW) = 0
readlinkat(5, "//usr/bin/gcc-nm-13", "x86_64-linux-gnu-gcc-nm-13", 4096) = 26
newfstatat(6, "lesskey", {st_mode=S_IFREG|0755, st_size=24272, ...}, AT_SYMLINK_NOFOLLOW) = 0
newfstatat(6, "rtla", {st_mode=S_IFREG|0755, st_size=1622, ...}, AT_SYMLINK_NOFOLLOW) = 0
newfstatat(6, "apt-extracttemplates", {st_mode=S_IFREG|0755, st_size=23008, ...}, AT_SYMLINK_NOFOLLOW) = 0
newfstatat(6, "udevadm", {st_mode=S_IFREG|0755, st_size=1439536, ...}, AT_SYMLINK_NOFOLLOW) = 0
newfstatat(6, "networkctl", {st_mode=S_IFREG|0755, st_size=125520, ...}, AT_SYMLINK_NOFOLLOW) = 0
newfstatat(6, "systemd-stdio-bridge", {st_mode=S_IFREG|0755, st_size=22992, ...}, AT_SYMLINK_NOFOLLOW) = 0
newfstatat(6, "date", {st_mode=S_IFREG|0755, st_size=109064, ...}, AT_SYMLINK_NOFOLLOW) = 0
newfstatat(6, "x86_64-linux-gnu-strip", {st_mode=S_IFREG|0755, st_size=166568, ...}, AT_SYMLINK_NOFOLLOW) = 0
newfstatat(6, "logname", {st_mode=S_IFREG|0755, st_size=35336, ...}, AT_SYMLINK_NOFOLLOW) = 0
newfstatat(6, "lsmem", {st_mode=S_IFREG|0755, st_size=39296, ...}, AT_SYMLINK_NOFOLLOW) = 0
newfstatat(6, "newgrp", {st_mode=S_IFREG|S_ISUID|0755, st_size=40664, ...}, AT_SYMLINK_NOFOLLOW) = 0
newfstatat(6, "uname", {st_mode=S_IFREG|0755, st_size=35336, ...}, AT_SYMLINK_NOFOLLOW) = 0
newfstatat(6, "expiry", {st_mode=S_IFREG|S_ISGID|0755, st_size=27152, ...}, AT_SYMLINK_NOFOLLOW) = 0
newfstatat(6, "pyserial-ports", {st_mode=S_IFREG|0755, st_size=969, ...}, AT_SYMLINK_NOFOLLOW) = 0
newfstatat(6, "chgrp", {st_mode=S_IFREG|0755, st_size=59912, ...}, AT_SYMLINK_NOFOLLOW) = 0
newfstatat(6, "helpztags", {st_mode=S_IFREG|0755, st_size=2514, ...}, AT_SYMLINK_NOFOLLOW) = 0
newfstatat(6, "byobu-ctrl-a", {st_mode=S_IFREG|0755, st_size=4774, ...}, AT_SYMLINK_NOFOLLOW) = 0
newfstatat(6, "neqn", {st_mode=S_IFREG|0755, st_size=913, ...}, AT_SYMLINK_NOFOLLOW) = 0
getdents64(6, 0x2000003f4a38 /* 62 entries */, 2048) = 1984
newfstatat(6, "efibootdump", {st_mode=S_IFREG|0755, st_size=22840, ...}, AT_SYMLINK_NOFOLLOW) = 0
newfstatat(6, "cifsiostat", {st_mode=S_IFREG|0755, st_size=27080, ...}, AT_SYMLINK_NOFOLLOW) = 0
newfstatat(6, "chattr", {st_mode=S_IFREG|0755, st_size=14656, ...}, AT_SYMLINK_NOFOLLOW) = 0
newfstatat(6, "ubuntu-distro-info", {st_mode=S_IFREG|0755, st_size=27536, ...}, AT_SYMLINK_NOFOLLOW) = 0
newfstatat(6, "xzegrep", {st_mode=S_IFLNK|0777, st_size=6, ...}, AT_SYMLINK_NOFOLLOW) = 0
readlinkat(5, "//usr/bin/xzegrep", "xzgrep", 4096) = 6
newfstatat(6, "keep-one-running", {st_mode=S_IFLNK|0777, st_size=7, ...}, AT_SYMLINK_NOFOLLOW) = 0
readlinkat(5, "//usr/bin/keep-one-running", "run-one", 4096) = 7
newfstatat(6, "pwd", {st_mode=S_IFREG|0755, st_size=35336, ...}, AT_SYMLINK_NOFOLLOW) = 0
newfstatat(6, "sort", {st_mode=S_IFREG|0755, st_size=105272, ...}, AT_SYMLINK_NOFOLLOW) = 0
newfstatat(6, "systemd-run", {st_mode=S_IFREG|0755, st_size=68392, ...}, AT_SYMLINK_NOFOLLOW) = 0
newfstatat(6, "byobu-shell", {st_mode=S_IFREG|0755, st_size=1697, ...}, AT_SYMLINK_NOFOLLOW) = 0
newfstatat(6, "scsi_start", {st_mode=S_IFREG|0755, st_size=1285, ...}, AT_SYMLINK_NOFOLLOW) = 0
newfstatat(6, "umount", {st_mode=S_IFREG|S_ISUID|0755, st_size=39296, ...}, AT_SYMLINK_NOFOLLOW) = 0
newfstatat(6, "tabs", {st_mode=S_IFREG|0755, st_size=18744, ...}, AT_SYMLINK_NOFOLLOW) = 0
newfstatat(6, "sg_emc_trespass", {st_mode=S_IFREG|0755, st_size=14648, ...}, AT_SYMLINK_NOFOLLOW) = 0
newfstatat(6, "sg_zone", {st_mode=S_IFREG|0755, st_size=15216, ...}, AT_SYMLINK_NOFOLLOW) = 0
newfstatat(6, "tac", {st_mode=S_IFREG|0755, st_size=39336, ...}, AT_SYMLINK_NOFOLLOW) = 0
newfstatat(6, "unlink", {st_mode=S_IFREG|0755, st_size=35336, ...}, AT_SYMLINK_NOFOLLOW) = 0
newfstatat(6, "mtr", {st_mode=S_IFREG|0755, st_size=78080, ...}, AT_SYMLINK_NOFOLLOW) = 0
newfstatat(6, "zegrep", {st_mode=S_IFREG|0755, st_size=29, ...}, AT_SYMLINK_NOFOLLOW) = 0
newfstatat(6, "dpkg-deb", {st_mode=S_IFREG|0755, st_size=146000, ...}, AT_SYMLINK_NOFOLLOW) = 0
newfstatat(6, "pkaction", {st_mode=S_IFREG|0755, st_size=18736, ...}, AT_SYMLINK_NOFOLLOW) = 0
newfstatat(6, "byobu-status", {st_mode=S_IFREG|0755, st_size=6015, ...}, AT_SYMLINK_NOFOLLOW) = 0
newfstatat(6, "apt-config", {st_mode=S_IFREG|0755, st_size=31120, ...}, AT_SYMLINK_NOFOLLOW) = 0
newfstatat(6, "grotty", {st_mode=S_IFREG|0755, st_size=121352, ...}, AT_SYMLINK_NOFOLLOW) = 0
newfstatat(6, "x86_64-linux-gnu-gcc-ranlib", {st_mode=S_IFLNK|0777, st_size=30, ...}, AT_SYMLINK_NOFOLLOW) = 0
readlinkat(5, "//usr/bin/x86_64-linux-gnu-gcc-ranlib", "x86_64-linux-gnu-gcc-ranlib-13", 4096) = 30
newfstatat(6, "cpan", {st_mode=S_IFREG|0755, st_size=8360, ...}, AT_SYMLINK_NOFOLLOW) = 0
newfstatat(6, "h2xs", {st_mode=S_IFREG|0755, st_size=60934, ...}, AT_SYMLINK_NOFOLLOW) = 0
newfstatat(6, "nohup", {st_mode=S_IFREG|0755, st_size=35240, ...}, AT_SYMLINK_NOFOLLOW) = 0
newfstatat(6, "splain", {st_mode=S_IFREG|0755, st_size=19449, ...}, AT_SYMLINK_NOFOLLOW) = 0
newfstatat(6, "stdbuf", {st_mode=S_IFREG|0755, st_size=51720, ...}, AT_SYMLINK_NOFOLLOW) = 0
newfstatat(6, "memhog", {st_mode=S_IFREG|0755, st_size=14768, ...}, AT_SYMLINK_NOFOLLOW) = 0
newfstatat(6, "dbus-cleanup-sockets", {st_mode=S_IFREG|0755, st_size=14632, ...}, AT_SYMLINK_NOFOLLOW) = 0
newfstatat(6, "lslocks", {st_mode=S_IFREG|0755, st_size=31504, ...}, AT_SYMLINK_NOFOLLOW) = 0
newfstatat(6, "lcf", {st_mode=S_IFREG|0755, st_size=7784, ...}, AT_SYMLINK_NOFOLLOW) = 0
newfstatat(6, "x86_64-linux-gnu-gcc-ar", {st_mode=S_IFLNK|0777, st_size=26, ...}, AT_SYMLINK_NOFOLLOW) = 0
readlinkat(5, "//usr/bin/x86_64-linux-gnu-gcc-ar", "x86_64-linux-gnu-gcc-ar-13", 4096) = 26
newfstatat(6, "scsi_logging_level", {st_mode=S_IFREG|0755, st_size=8585, ...}, AT_SYMLINK_NOFOLLOW) = 0
newfstatat(6, "ubuntu-advantage", {st_mode=S_IFREG|0755, st_size=1003, ...}, AT_SYMLINK_NOFOLLOW) = 0
newfstatat(6, "sg_xcopy", {st_mode=S_IFREG|0755, st_size=43336, ...}, AT_SYMLINK_NOFOLLOW) = 0
newfstatat(6, "sg_persist", {st_mode=S_IFREG|0755, st_size=36944, ...}, AT_SYMLINK_NOFOLLOW) = 0
newfstatat(6, "sg_opcodes", {st_mode=S_IFREG|0755, st_size=35848, ...}, AT_SYMLINK_NOFOLLOW) = 0
newfstatat(6, "kmod", {st_mode=S_IFREG|0755, st_size=174328, ...}, AT_SYMLINK_NOFOLLOW) = 0
newfstatat(6, "perlivp", {st_mode=S_IFREG|0755, st_size=10867, ...}, AT_SYMLINK_NOFOLLOW) = 0
newfstatat(6, "dwp", {st_mode=S_IFLNK|0777, st_size=20, ...}, AT_SYMLINK_NOFOLLOW) = 0
readlinkat(5, "//usr/bin/dwp", "x86_64-linux-gnu-dwp", 4096) = 20
newfstatat(6, "partx", {st_mode=S_IFREG|0755, st_size=63880, ...}, AT_SYMLINK_NOFOLLOW) = 0
newfstatat(6, "ssh-keygen", {st_mode=S_IFREG|0755, st_size=453056, ...}, AT_SYMLINK_NOFOLLOW) = 0
newfstatat(6, "tkconch3", {st_mode=S_IFREG|0755, st_size=227, ...}, AT_SYMLINK_NOFOLLOW) = 0
newfstatat(6, "systemd-notify", {st_mode=S_IFREG|0755, st_size=27304, ...}, AT_SYMLINK_NOFOLLOW) = 0
newfstatat(6, "soelim", {st_mode=S_IFREG|0755, st_size=35304, ...}, AT_SYMLINK_NOFOLLOW) = 0
newfstatat(6, "sg_reset_wp", {st_mode=S_IFREG|0755, st_size=14952, ...}, AT_SYMLINK_NOFOLLOW) = 0
newfstatat(6, "hostid", {st_mode=S_IFREG|0755, st_size=35336, ...}, AT_SYMLINK_NOFOLLOW) = 0
newfstatat(6, "gcc-ar", {st_mode=S_IFLNK|0777, st_size=9, ...}, AT_SYMLINK_NOFOLLOW) = 0
readlinkat(5, "//usr/bin/gcc-ar", "gcc-ar-13", 4096) = 9
newfstatat(6, "zless", {st_mode=S_IFREG|0755, st_size=2206, ...}, AT_SYMLINK_NOFOLLOW) = 0
newfstatat(6, "sudoedit", {st_mode=S_IFLNK|0777, st_size=4, ...}, AT_SYMLINK_NOFOLLOW) = 0
readlinkat(5, "//usr/bin/sudoedit", "sudo", 4096) = 4
newfstatat(6, "sosreport", {st_mode=S_IFREG|0755, st_size=1121, ...}, AT_SYMLINK_NOFOLLOW) = 0
newfstatat(6, "grub-kbdcomp", {st_mode=S_IFREG|0755, st_size=1681, ...}, AT_SYMLINK_NOFOLLOW) = 0
newfstatat(6, "systemd-tmpfiles", {st_mode=S_IFREG|0755, st_size=117448, ...}, AT_SYMLINK_NOFOLLOW) = 0
newfstatat(6, "ss", {st_mode=S_IFREG|0755, st_size=132168, ...}, AT_SYMLINK_NOFOLLOW) = 0
newfstatat(6, "enc2xs", {st_mode=S_IFREG|0755, st_size=41947, ...}, AT_SYMLINK_NOFOLLOW) = 0
newfstatat(6, "lzcat", {st_mode=S_IFLNK|0777, st_size=23, ...}, AT_SYMLINK_NOFOLLOW) = 0
readlinkat(5, "//usr/bin/lzcat", "/etc/alternatives/lzcat", 4096) = 23
newfstatat(6, "grep", {st_mode=S_IFREG|0755, st_size=186824, ...}, AT_SYMLINK_NOFOLLOW) = 0
newfstatat(6, "sg_compare_and_write", {st_mode=S_IFREG|0755, st_size=27560, ...}, AT_SYMLINK_NOFOLLOW) = 0
newfstatat(6, "od", {st_mode=S_IFREG|0755, st_size=72200, ...}, AT_SYMLINK_NOFOLLOW) = 0
getdents64(6, 0x2000003f4a38 /* 0 entries */, 2048) = 0
close(6)                                = 0
openat(5, "//usr/bin/echo", O_RDONLY)   = 6
pread64(6, "\177ELF\2\1\1\0\0\0\0\0\0\0\0\0\3\0>\0\1\0\0\0\0200\0\0\0\0\0\0"..., 64, 0) = 64
pread64(6, "\6\0\0\0\4\0\0\0@\0\0\0\0\0\0\0@\0\0\0\0\0\0\0@\0\0\0\0\0\0\0"..., 728, 64) = 728
pread64(6, "/lib64/ld-linux-x86-64.so.2", 27, 792) = 27
writev(1, [{iov_base="[  0.121503] CPU 02| <5> elf: lo"..., iov_len=82}], 1) = 82
openat(5, "//home/ubuntu/artifact", O_RDONLY|O_DIRECTORY) = 7
getdents64(7, 0x2000003f3608 /* 21 entries */, 2048) = 776
newfstatat(7, "caladan_test_ts_st.config", {st_mode=S_IFREG|0644, st_size=196, ...}, AT_SYMLINK_NOFOLLOW) = 0
newfstatat(7, "glibc", {st_mode=S_IFDIR|0755, st_size=4096, ...}, AT_SYMLINK_NOFOLLOW) = 0
newfstatat(7, "iokerneld", {st_mode=S_IFREG|0755, st_size=9946736, ...}, AT_SYMLINK_NOFOLLOW) = 0
newfstatat(7, "fake_idle.ko", {st_mode=S_IFREG|0644, st_size=302200, ...}, AT_SYMLINK_NOFOLLOW) = 0
newfstatat(7, "hello_world.c", {st_mode=S_IFREG|0664, st_size=63, ...}, AT_SYMLINK_NOFOLLOW) = 0
newfstatat(7, "setup_machine.sh", {st_mode=S_IFREG|0755, st_size=762, ...}, AT_SYMLINK_NOFOLLOW) = 0
newfstatat(7, "libibverbs.so.1", {st_mode=S_IFREG|0755, st_size=917152, ...}, AT_SYMLINK_NOFOLLOW) = 0
newfstatat(7, "ksched.ko", {st_mode=S_IFREG|0644, st_size=706488, ...}, AT_SYMLINK_NOFOLLOW) = 0
newfstatat(7, "junction_hello_world.trace", {st_mode=S_IFREG|0664, st_size=152276, ...}, AT_SYMLINK_NOFOLLOW) = 0
newfstatat(7, "dpdk-devbind.py", {st_mode=S_IFREG|0755, st_size=29417, ...}, AT_SYMLINK_NOFOLLOW) = 0
newfstatat(7, "a.out", {st_mode=S_IFREG|0775, st_size=15968, ...}, AT_SYMLINK_NOFOLLOW) = 0
newfstatat(7, "caladan_test.config", {st_mode=S_IFREG|0644, st_size=196, ...}, AT_SYMLINK_NOFOLLOW) = 0
newfstatat(7, "test.filesystem.config", {st_mode=S_IFREG|0644, st_size=41, ...}, AT_SYMLINK_NOFOLLOW) = 0
newfstatat(7, "libmlx5.so.1", {st_mode=S_IFREG|0755, st_size=4163512, ...}, AT_SYMLINK_NOFOLLOW) = 0
newfstatat(7, "caladan_test_ts.config", {st_mode=S_IFREG|0644, st_size=197, ...}, AT_SYMLINK_NOFOLLOW) = 0
newfstatat(7, "caladan_test_st.config", {st_mode=S_IFREG|0644, st_size=195, ...}, AT_SYMLINK_NOFOLLOW) = 0
newfstatat(7, "boot_j.sh", {st_mode=S_IFREG|0775, st_size=365, ...}, AT_SYMLINK_NOFOLLOW) = 0
newfstatat(7, "junction_run", {st_mode=S_IFREG|0755, st_size=39306760, ...}, AT_SYMLINK_NOFOLLOW) = 0
newfstatat(7, "junction-ctl", {st_mode=S_IFREG|0755, st_size=26560728, ...}, AT_SYMLINK_NOFOLLOW) = 0
getdents64(7, 0x2000003f3608 /* 0 entries */, 2048) = 0
close(7)                                = 0
openat(5, "//home/ubuntu/artifact/glibc", O_RDONLY|O_DIRECTORY) = 7
getdents64(7, 0x2000003f3608 /* 4 entries */, 2048) = 112
newfstatat(7, "ld.so", {st_mode=S_IFREG|0755, st_size=255944, ...}, AT_SYMLINK_NOFOLLOW) = 0
newfstatat(7, "libc.so.6", {st_mode=S_IFREG|0755, st_size=2824208, ...}, AT_SYMLINK_NOFOLLOW) = 0
getdents64(7, 0x2000003f3608 /* 0 entries */, 2048) = 0
close(7)                                = 0
openat(5, "//home/ubuntu/artifact/glibc/ld.so", O_RDONLY) = 7
pread64(7, "\177ELF\2\1\1\3\0\0\0\0\0\0\0\0\3\0>\0\1\0\0\0P\354\1\0\0\0\0\0"..., 64, 0) = 64
pread64(7, "\1\0\0\0\4\0\0\0\0\0\0\0\0\0\0\0\0\0\0\0\0\0\0\0\0\0\0\0\0\0\0\0"..., 616, 64) = 616
mmap(0x300ffffc6000, 237568, PROT_NONE, MAP_PRIVATE|MAP_FIXED|MAP_ANONYMOUS, -1, 0) = 0x300ffffc6000
mmap(0x300ffffc6000, 4096, PROT_READ, MAP_PRIVATE|MAP_FIXED|MAP_DENYWRITE, 7, 0) = 0x300ffffc6000
mprotect(0x300ffffc6000, 4096, PROT_READ|PROT_WRITE) = 0
mprotect(0x300ffffc6000, 4096, PROT_READ) = 0
mmap(0x300ffffc7000, 172032, PROT_READ|PROT_EXEC, MAP_PRIVATE|MAP_FIXED|MAP_DENYWRITE, 7, 0x1000) = 0x300ffffc7000
mprotect(0x300fffff0000, 4096, PROT_READ|PROT_WRITE|PROT_EXEC) = 0
mprotect(0x300fffff0000, 4096, PROT_READ|PROT_EXEC) = 0
mmap(0x300fffff1000, 45056, PROT_READ, MAP_PRIVATE|MAP_FIXED|MAP_DENYWRITE, 7, 0x2b000) = 0x300fffff1000
mprotect(0x300fffffb000, 4096, PROT_READ|PROT_WRITE) = 0
mprotect(0x300fffffb000, 4096, PROT_READ) = 0
mmap(0x300fffffc000, 16384, PROT_READ|PROT_WRITE, MAP_PRIVATE|MAP_FIXED|MAP_DENYWRITE, 7, 0x35000) = 0x300fffffc000
writev(1, [{iov_base="[  0.124818] CPU 02| <6> gdb: ad"..., iov_len=78}], 1) = 78
mmap(0x300ffffbc000, 40960, PROT_NONE, MAP_PRIVATE|MAP_FIXED|MAP_ANONYMOUS, -1, 0) = 0x300ffffbc000
mmap(0x300ffffbc000, 8192, PROT_READ, MAP_PRIVATE|MAP_FIXED|MAP_DENYWRITE, 6, 0) = 0x300ffffbc000
mprotect(0x300ffffbd000, 4096, PROT_READ|PROT_WRITE) = 0
mprotect(0x300ffffbd000, 4096, PROT_READ) = 0
mmap(0x300ffffbe000, 16384, PROT_READ|PROT_EXEC, MAP_PRIVATE|MAP_FIXED|MAP_DENYWRITE, 6, 0x2000) = 0x300ffffbe000
mprotect(0x300ffffc1000, 4096, PROT_READ|PROT_WRITE|PROT_EXEC) = 0
mprotect(0x300ffffc1000, 4096, PROT_READ|PROT_EXEC) = 0
mmap(0x300ffffc2000, 8192, PROT_READ, MAP_PRIVATE|MAP_FIXED|MAP_DENYWRITE, 6, 0x6000) = 0x300ffffc2000
mprotect(0x300ffffc3000, 4096, PROT_READ|PROT_WRITE) = 0
mprotect(0x300ffffc3000, 4096, PROT_READ) = 0
mmap(0x300ffffc4000, 8192, PROT_READ|PROT_WRITE, MAP_PRIVATE|MAP_FIXED|MAP_DENYWRITE, 6, 0x7000) = 0x300ffffc4000
writev(1, [{iov_base="[  0.125712] CPU 02| <6> gdb: ad"..., iov_len=78}], 1) = 78
mmap(0x300fffebc000, 1048576, PROT_NONE, MAP_PRIVATE|MAP_FIXED|MAP_ANONYMOUS, -1, 0) = 0x300fffebc000
mmap(0x300ffff3c000, 524288, PROT_READ|PROT_WRITE, MAP_PRIVATE|MAP_FIXED|MAP_ANONYMOUS|MAP_STACK, -1, 0) = 0x300ffff3c000
openat(5, "//etc", O_RDONLY|O_DIRECTORY) = 8
getdents64(8, 0x300ffffbad18 /* 63 entries */, 2048) = 2032
newfstatat(8, "timezone", {st_mode=S_IFREG|0644, st_size=14, ...}, AT_SYMLINK_NOFOLLOW) = 0
newfstatat(8, "polkit-1", {st_mode=S_IFDIR|0755, st_size=4096, ...}, AT_SYMLINK_NOFOLLOW) = 0
newfstatat(8, "ec2_version", {st_mode=S_IFREG|0644, st_size=34, ...}, AT_SYMLINK_NOFOLLOW) = 0
newfstatat(8, "ld.so.cache", {st_mode=S_IFREG|0644, st_size=23363, ...}, AT_SYMLINK_NOFOLLOW) = 0
newfstatat(8, "selinux", {st_mode=S_IFDIR|0755, st_size=4096, ...}, AT_SYMLINK_NOFOLLOW) = 0
newfstatat(8, "dpkg", {st_mode=S_IFDIR|0755, st_size=4096, ...}, AT_SYMLINK_NOFOLLOW) = 0
newfstatat(8, "bash_completion.d", {st_mode=S_IFDIR|0755, st_size=4096, ...}, AT_SYMLINK_NOFOLLOW) = 0
newfstatat(8, "login.defs", {st_mode=S_IFREG|0644, st_size=12345, ...}, AT_SYMLINK_NOFOLLOW) = 0
newfstatat(8, "protocols", {st_mode=S_IFREG|0644, st_size=3144, ...}, AT_SYMLINK_NOFOLLOW) = 0
newfstatat(8, "vtrgb", {st_mode=S_IFLNK|0777, st_size=23, ...}, AT_SYMLINK_NOFOLLOW) = 0
readlinkat(5, "//etc/vtrgb", "/etc/alternatives/vtrgb", 4096) = 23
newfstatat(8, "subuid", {st_mode=S_IFREG|0644, st_size=20, ...}, AT_SYMLINK_NOFOLLOW) = 0
newfstatat(8, "hosts.deny", {st_mode=S_IFREG|0644, st_size=711, ...}, AT_SYMLINK_NOFOLLOW) = 0
newfstatat(8, "perl", {st_mode=S_IFDIR|0755, st_size=4096, ...}, AT_SYMLINK_NOFOLLOW) = 0
newfstatat(8, ".updated", {st_mode=S_IFREG|0644, st_size=208, ...}, AT_SYMLINK_NOFOLLOW) = 0
newfstatat(8, "console-setup", {st_mode=S_IFDIR|0755, st_size=4096, ...}, AT_SYMLINK_NOFOLLOW) = 0
newfstatat(8, "cron.hourly", {st_mode=S_IFDIR|0755, st_size=4096, ...}, AT_SYMLINK_NOFOLLOW) = 0
newfstatat(8, "usb_modeswitch.conf", {st_mode=S_IFREG|0644, st_size=1523, ...}, AT_SYMLINK_NOFOLLOW) = 0
newfstatat(8, "ucf.conf", {st_mode=S_IFREG|0644, st_size=1260, ...}, AT_SYMLINK_NOFOLLOW) = 0
newfstatat(8, "sysstat", {st_mode=S_IFDIR|0755, st_size=4096, ...}, AT_SYMLINK_NOFOLLOW) = 0
newfstatat(8, "subgid", {st_mode=S_IFREG|0644, st_size=20, ...}, AT_SYMLINK_NOFOLLOW) = 0
newfstatat(8, "nsswitch.conf", {st_mode=S_IFREG|0644, st_size=526, ...}, AT_SYMLINK_NOFOLLOW) = 0
newfstatat(8, "libibverbs.d", {st_mode=S_IFDIR|0755, st_size=4096, ...}, AT_SYMLINK_NOFOLLOW) = 0
newfstatat(8, "ModemManager", {st_mode=S_IFDIR|0755, st_size=4096, ...}, AT_SYMLINK_NOFOLLOW) = 0
newfstatat(8, "alternatives", {st_mode=S_IFDIR|0755, st_size=4096, ...}, AT_SYMLINK_NOFOLLOW) = 0
newfstatat(8, "iscsi", {st_mode=S_IFDIR|0755, st_size=4096, ...}, AT_SYMLINK_NOFOLLOW) = 0
newfstatat(8, "bash.bashrc", {st_mode=S_IFREG|0644, st_size=2319, ...}, AT_SYMLINK_NOFOLLOW) = 0
newfstatat(8, "usb_modeswitch.d", {st_mode=S_IFDIR|0755, st_size=4096, ...}, AT_SYMLINK_NOFOLLOW) = 0
newfstatat(8, "ethertypes", {st_mode=S_IFREG|0644, st_size=1853, ...}, AT_SYMLINK_NOFOLLOW) = 0
newfstatat(8, "rc0.d", {st_mode=S_IFDIR|0755, st_size=4096, ...}, AT_SYMLINK_NOFOLLOW) = 0
newfstatat(8, "plymouth", {st_mode=S_IFDIR|0755, st_size=4096, ...}, AT_SYMLINK_NOFOLLOW) = 0
newfstatat(8, "init.d", {st_mode=S_IFDIR|0755, st_size=4096, ...}, AT_SYMLINK_NOFOLLOW) = 0
newfstatat(8, "locale.alias", {st_mode=S_IFREG|0644, st_size=2996, ...}, AT_SYMLINK_NOFOLLOW) = 0
newfstatat(8, "rsyslog.d", {st_mode=S_IFDIR|0755, st_size=4096, ...}, AT_SYMLINK_NOFOLLOW) = 0
newfstatat(8, "cron.monthly", {st_mode=S_IFDIR|0755, st_size=4096, ...}, AT_SYMLINK_NOFOLLOW) = 0
newfstatat(8, "fuse.conf", {st_mode=S_IFREG|0644, st_size=694, ...}, AT_SYMLINK_NOFOLLOW) = 0
newfstatat(8, "depmod.d", {st_mode=S_IFDIR|0755, st_size=4096, ...}, AT_SYMLINK_NOFOLLOW) = 0
newfstatat(8, "initramfs-tools", {st_mode=S_IFDIR|0755, st_size=4096, ...}, AT_SYMLINK_NOFOLLOW) = 0
newfstatat(8, "ssh", {st_mode=S_IFDIR|0755, st_size=4096, ...}, AT_SYMLINK_NOFOLLOW) = 0
newfstatat(8, "rc5.d", {st_mode=S_IFDIR|0755, st_size=4096, ...}, AT_SYMLINK_NOFOLLOW) = 0
newfstatat(8, "shadow-", {st_mode=S_IFREG|0640, st_size=842, ...}, AT_SYMLINK_NOFOLLOW) = 0
newfstatat(8, "modules", {st_mode=S_IFREG|0644, st_size=212, ...}, AT_SYMLINK_NOFOLLOW) = 0
newfstatat(8, "needrestart", {st_mode=S_IFDIR|0755, st_size=4096, ...}, AT_SYMLINK_NOFOLLOW) = 0
newfstatat(8, "ssl", {st_mode=S_IFDIR|0755, st_size=4096, ...}, AT_SYMLINK_NOFOLLOW) = 0
newfstatat(8, "multipath.conf", {st_mode=S_IFREG|0644, st_size=41, ...}, AT_SYMLINK_NOFOLLOW) = 0
newfstatat(8, "xml", {st_mode=S_IFDIR|0755, st_size=4096, ...}, AT_SYMLINK_NOFOLLOW) = 0
newfstatat(8, "magic.mime", {st_mode=S_IFREG|0644, st_size=111, ...}, AT_SYMLINK_NOFOLLOW) = 0
newfstatat(8, "networkd-dispatcher", {st_mode=S_IFDIR|0755, st_size=4096, ...}, AT_SYMLINK_NOFOLLOW) = 0
newfstatat(8, "python3.12", {st_mode=S_IFDIR|0755, st_size=4096, ...}, AT_SYMLINK_NOFOLLOW) = 0
newfstatat(8, "update-manager", {st_mode=S_IFDIR|0755, st_size=4096, ...}, AT_SYMLINK_NOFOLLOW) = 0
newfstatat(8, "opt", {st_mode=S_IFDIR|0755, st_size=4096, ...}, AT_SYMLINK_NOFOLLOW) = 0
newfstatat(8, "mke2fs.conf", {st_mode=S_IFREG|0644, st_size=744, ...}, AT_SYMLINK_NOFOLLOW) = 0
newfstatat(8, "dbus-1", {st_mode=S_IFDIR|0755, st_size=4096, ...}, AT_SYMLINK_NOFOLLOW) = 0
newfstatat(8, "credstore", {st_mode=S_IFDIR|0700, st_size=4096, ...}, AT_SYMLINK_NOFOLLOW) = 0
newfstatat(8, "hostname", {st_mode=S_IFREG|0644, st_size=7, ...}, AT_SYMLINK_NOFOLLOW) = 0
newfstatat(8, "fonts", {st_mode=S_IFDIR|0755, st_size=4096, ...}, AT_SYMLINK_NOFOLLOW) = 0
newfstatat(8, "gss", {st_mode=S_IFDIR|0755, st_size=4096, ...}, AT_SYMLINK_NOFOLLOW) = 0
newfstatat(8, "host.conf", {st_mode=S_IFREG|0644, st_size=92, ...}, AT_SYMLINK_NOFOLLOW) = 0
newfstatat(8, "passwd", {st_mode=S_IFREG|0644, st_size=1719, ...}, AT_SYMLINK_NOFOLLOW) = 0
newfstatat(8, "issue.net", {st_mode=S_IFREG|0644, st_size=19, ...}, AT_SYMLINK_NOFOLLOW) = 0
newfstatat(8, "sysctl.conf", {st_mode=S_IFREG|0644, st_size=2209, ...}, AT_SYMLINK_NOFOLLOW) = 0
newfstatat(8, "e2scrub.conf", {st_mode=S_IFREG|0644, st_size=685, ...}, AT_SYMLINK_NOFOLLOW) = 0
newfstatat(8, "crontab", {st_mode=S_IFREG|0644, st_size=1136, ...}, AT_SYMLINK_NOFOLLOW) = 0
newfstatat(8, "fstab", {st_mode=S_IFREG|0644, st_size=146, ...}, AT_SYMLINK_NOFOLLOW) = 0
getdents64(8, 0x300ffffbad18 /* 64 entries */, 2048) = 2024
newfstatat(8, "adduser.conf", {st_mode=S_IFREG|0644, st_size=3444, ...}, AT_SYMLINK_NOFOLLOW) = 0
newfstatat(8, "pollinate", {st_mode=S_IFDIR|0755, st_size=4096, ...}, AT_SYMLINK_NOFOLLOW) = 0
newfstatat(8, "group", {st_mode=S_IFREG|0644, st_size=829, ...}, AT_SYMLINK_NOFOLLOW) = 0
newfstatat(8, "security", {st_mode=S_IFDIR|0755, st_size=4096, ...}, AT_SYMLINK_NOFOLLOW) = 0
newfstatat(8, "X11", {st_mode=S_IFDIR|0755, st_size=4096, ...}, AT_SYMLINK_NOFOLLOW) = 0
newfstatat(8, "rc4.d", {st_mode=S_IFDIR|0755, st_size=4096, ...}, AT_SYMLINK_NOFOLLOW) = 0
newfstatat(8, "python3", {st_mode=S_IFDIR|0755, st_size=4096, ...}, AT_SYMLINK_NOFOLLOW) = 0
newfstatat(8, "supercat", {st_mode=S_IFDIR|0755, st_size=4096, ...}, AT_SYMLINK_NOFOLLOW) = 0
newfstatat(8, "udev", {st_mode=S_IFDIR|0755, st_size=4096, ...}, AT_SYMLINK_NOFOLLOW) = 0
newfstatat(8, "nanorc", {st_mode=S_IFREG|0644, st_size=11424, ...}, AT_SYMLINK_NOFOLLOW) = 0
newfstatat(8, "xdg", {st_mode=S_IFDIR|0755, st_size=4096, ...}, AT_SYMLINK_NOFOLLOW) = 0
newfstatat(8, "deluser.conf", {st_mode=S_IFREG|0644, st_size=1706, ...}, AT_SYMLINK_NOFOLLOW) = 0
newfstatat(8, "ca-certificates.conf", {st_mode=S_IFREG|0644, st_size=6288, ...}, AT_SYMLINK_NOFOLLOW) = 0
newfstatat(8, "screenrc", {st_mode=S_IFREG|0644, st_size=3663, ...}, AT_SYMLINK_NOFOLLOW) = 0
newfstatat(8, ".pwd.lock", {st_mode=S_IFREG|0600, st_size=0, ...}, AT_SYMLINK_NOFOLLOW) = 0
newfstatat(8, "pki", {st_mode=S_IFDIR|0755, st_size=4096, ...}, AT_SYMLINK_NOFOLLOW) = 0
newfstatat(8, "os-release", {st_mode=S_IFLNK|0777, st_size=21, ...}, AT_SYMLINK_NOFOLLOW) = 0
readlinkat(5, "//etc/os-release", "../usr/lib/os-release", 4096) = 21
newfstatat(8, "sudo_logsrvd.conf", {st_mode=S_IFREG|0644, st_size=9804, ...}, AT_SYMLINK_NOFOLLOW) = 0
newfstatat(8, "localtime", {st_mode=S_IFLNK|0777, st_size=33, ...}, AT_SYMLINK_NOFOLLOW) = 0
readlinkat(5, "//etc/localtime", "/usr/share/zoneinfo/Asia/Shangha"..., 4096) = 33
newfstatat(8, "systemd", {st_mode=S_IFDIR|0755, st_size=4096, ...}, AT_SYMLINK_NOFOLLOW) = 0
newfstatat(8, "cryptsetup-initramfs", {st_mode=S_IFDIR|0755, st_size=4096, ...}, AT_SYMLINK_NOFOLLOW) = 0
newfstatat(8, "kernel", {st_mode=S_IFDIR|0755, st_size=4096, ...}, AT_SYMLINK_NOFOLLOW) = 0
newfstatat(8, "modules-load.d", {st_mode=S_IFDIR|0755, st_size=4096, ...}, AT_SYMLINK_NOFOLLOW) = 0
newfstatat(8, "vim", {st_mode=S_IFDIR|0755, st_size=4096, ...}, AT_SYMLINK_NOFOLLOW) = 0
newfstatat(8, "vmware-tools", {st_mode=S_IFDIR|0755, st_size=4096, ...}, AT_SYMLINK_NOFOLLOW) = 0
newfstatat(8, "sensors3.conf", {st_mode=S_IFREG|0644, st_size=10593, ...}, AT_SYMLINK_NOFOLLOW) = 0
newfstatat(8, "ld.so.conf", {st_mode=S_IFREG|0644, st_size=34, ...}, AT_SYMLINK_NOFOLLOW) = 0
newfstatat(8, "ufw", {st_mode=S_IFDIR|0755, st_size=4096, ...}, AT_SYMLINK_NOFOLLOW) = 0
newfstatat(8, "apparmor", {st_mode=S_IFDIR|0755, st_size=4096, ...}, AT_SYMLINK_NOFOLLOW) = 0
newfstatat(8, "dhcpcd.conf", {st_mode=S_IFREG|0644, st_size=1429, ...}, AT_SYMLINK_NOFOLLOW) = 0
newfstatat(8, "binfmt.d", {st_mode=S_IFDIR|0755, st_size=4096, ...}, AT_SYMLINK_NOFOLLOW) = 0
newfstatat(8, "netplan", {st_mode=S_IFDIR|0755, st_size=4096, ...}, AT_SYMLINK_NOFOLLOW) = 0
newfstatat(8, "crypttab", {st_mode=S_IFREG|0644, st_size=54, ...}, AT_SYMLINK_NOFOLLOW) = 0
newfstatat(8, "apt", {st_mode=S_IFDIR|0755, st_size=4096, ...}, AT_SYMLINK_NOFOLLOW) = 0
newfstatat(8, "ld.so.conf.d", {st_mode=S_IFDIR|0755, st_size=4096, ...}, AT_SYMLINK_NOFOLLOW) = 0
newfstatat(8, "mime.types", {st_mode=S_IFREG|0644, st_size=75113, ...}, AT_SYMLINK_NOFOLLOW) = 0
newfstatat(8, "terminfo", {st_mode=S_IFDIR|0755, st_size=4096, ...}, AT_SYMLINK_NOFOLLOW) = 0
newfstatat(8, "wgetrc", {st_mode=S_IFREG|0644, st_size=4942, ...}, AT_SYMLINK_NOFOLLOW) = 0
newfstatat(8, "hosts.allow", {st_mode=S_IFREG|0644, st_size=411, ...}, AT_SYMLINK_NOFOLLOW) = 0
newfstatat(8, "lsb-release", {st_mode=S_IFREG|0644, st_size=104, ...}, AT_SYMLINK_NOFOLLOW) = 0
newfstatat(8, "cron.daily", {st_mode=S_IFDIR|0755, st_size=4096, ...}, AT_SYMLINK_NOFOLLOW) = 0
newfstatat(8, "modprobe.d", {st_mode=S_IFDIR|0755, st_size=4096, ...}, AT_SYMLINK_NOFOLLOW) = 0
newfstatat(8, "default", {st_mode=S_IFDIR|0755, st_size=4096, ...}, AT_SYMLINK_NOFOLLOW) = 0
newfstatat(8, "rc2.d", {st_mode=S_IFDIR|0755, st_size=4096, ...}, AT_SYMLINK_NOFOLLOW) = 0
newfstatat(8, "profile", {st_mode=S_IFREG|0644, st_size=582, ...}, AT_SYMLINK_NOFOLLOW) = 0
newfstatat(8, "zsh", {st_mode=S_IFDIR|0755, st_size=4096, ...}, AT_SYMLINK_NOFOLLOW) = 0
newfstatat(8, "newt", {st_mode=S_IFDIR|0755, st_size=4096, ...}, AT_SYMLINK_NOFOLLOW) = 0
newfstatat(8, "sysctl.d", {st_mode=S_IFDIR|0755, st_size=4096, ...}, AT_SYMLINK_NOFOLLOW) = 0
newfstatat(8, "nftables.conf", {st_mode=S_IFREG|0755, st_size=243, ...}, AT_SYMLINK_NOFOLLOW) = 0
newfstatat(8, "mtab", {st_mode=S_IFLNK|0777, st_size=19, ...}, AT_SYMLINK_NOFOLLOW) = 0
readlinkat(5, "//etc/mtab", "../proc/self/mounts", 4096) = 19
newfstatat(8, "libaudit.conf", {st_mode=S_IFREG|0644, st_size=191, ...}, AT_SYMLINK_NOFOLLOW) = 0
newfstatat(8, "passwd-", {st_mode=S_IFREG|0644, st_size=1716, ...}, AT_SYMLINK_NOFOLLOW) = 0
newfstatat(8, "legal", {st_mode=S_IFREG|0644, st_size=267, ...}, AT_SYMLINK_NOFOLLOW) = 0
newfstatat(8, "shells", {st_mode=S_IFREG|0644, st_size=183, ...}, AT_SYMLINK_NOFOLLOW) = 0
newfstatat(8, "update-motd.d", {st_mode=S_IFDIR|0755, st_size=4096, ...}, AT_SYMLINK_NOFOLLOW) = 0
newfstatat(8, "sudo.conf", {st_mode=S_IFREG|0644, st_size=4343, ...}, AT_SYMLINK_NOFOLLOW) = 0
newfstatat(8, "debian_version", {st_mode=S_IFREG|0644, st_size=11, ...}, AT_SYMLINK_NOFOLLOW) = 0
newfstatat(8, "pam.conf", {st_mode=S_IFREG|0644, st_size=552, ...}, AT_SYMLINK_NOFOLLOW) = 0
newfstatat(8, "udisks2", {st_mode=S_IFDIR|0755, st_size=4096, ...}, AT_SYMLINK_NOFOLLOW) = 0
newfstatat(8, "rcS.d", {st_mode=S_IFDIR|0755, st_size=4096, ...}, AT_SYMLINK_NOFOLLOW) = 0
newfstatat(8, "netconfig", {st_mode=S_IFREG|0644, st_size=767, ...}, AT_SYMLINK_NOFOLLOW) = 0
newfstatat(8, "logcheck", {st_mode=S_IFDIR|0755, st_size=4096, ...}, AT_SYMLINK_NOFOLLOW) = 0
getdents64(8, 0x300ffffbad18 /* 61 entries */, 2048) = 2000
newfstatat(8, "sensors.d", {st_mode=S_IFDIR|0755, st_size=4096, ...}, AT_SYMLINK_NOFOLLOW) = 0
newfstatat(8, "PackageKit", {st_mode=S_IFDIR|0755, st_size=4096, ...}, AT_SYMLINK_NOFOLLOW) = 0
newfstatat(8, "profile.d", {st_mode=S_IFDIR|0755, st_size=4096, ...}, AT_SYMLINK_NOFOLLOW) = 0
newfstatat(8, "environment", {st_mode=S_IFREG|0644, st_size=106, ...}, AT_SYMLINK_NOFOLLOW) = 0
newfstatat(8, "locale.conf", {st_mode=S_IFREG|0644, st_size=13, ...}, AT_SYMLINK_NOFOLLOW) = 0
newfstatat(8, "gprofng.rc", {st_mode=S_IFREG|0644, st_size=3986, ...}, AT_SYMLINK_NOFOLLOW) = 0
newfstatat(8, "rc1.d", {st_mode=S_IFDIR|0755, st_size=4096, ...}, AT_SYMLINK_NOFOLLOW) = 0
newfstatat(8, "overlayroot.conf", {st_mode=S_IFREG|0644, st_size=6920, ...}, AT_SYMLINK_NOFOLLOW) = 0
newfstatat(8, "manpath.config", {st_mode=S_IFREG|0644, st_size=5230, ...}, AT_SYMLINK_NOFOLLOW) = 0
newfstatat(8, "iproute2", {st_mode=S_IFDIR|0755, st_size=4096, ...}, AT_SYMLINK_NOFOLLOW) = 0
newfstatat(8, "skel", {st_mode=S_IFDIR|0755, st_size=4096, ...}, AT_SYMLINK_NOFOLLOW) = 0
newfstatat(8, "subuid-", {st_mode=S_IFREG|0644, st_size=0, ...}, AT_SYMLINK_NOFOLLOW) = 0
newfstatat(8, "sos", {st_mode=S_IFDIR|0755, st_size=4096, ...}, AT_SYMLINK_NOFOLLOW) = 0
newfstatat(8, "multipath", {st_mode=S_IFDIR|0700, st_size=4096, ...}, AT_SYMLINK_NOFOLLOW) = 0
newfstatat(8, "hdparm.conf", {st_mode=S_IFREG|0644, st_size=4436, ...}, AT_SYMLINK_NOFOLLOW) = 0
newfstatat(8, "hosts", {st_mode=S_IFREG|0644, st_size=221, ...}, AT_SYMLINK_NOFOLLOW) = 0
newfstatat(8, "lvm", {st_mode=S_IFDIR|0755, st_size=4096, ...}, AT_SYMLINK_NOFOLLOW) = 0
newfstatat(8, "groff", {st_mode=S_IFDIR|0755, st_size=4096, ...}, AT_SYMLINK_NOFOLLOW) = 0
newfstatat(8, "cron.d", {st_mode=S_IFDIR|0755, st_size=4096, ...}, AT_SYMLINK_NOFOLLOW) = 0
newfstatat(8, "cloud", {st_mode=S_IFDIR|0755, st_size=4096, ...}, AT_SYMLINK_NOFOLLOW) = 0
newfstatat(8, "apport", {st_mode=S_IFDIR|0755, st_size=4096, ...}, AT_SYMLINK_NOFOLLOW) = 0
newfstatat(8, "gshadow", {st_mode=S_IFREG|0640, st_size=700, ...}, AT_SYMLINK_NOFOLLOW) = 0
newfstatat(8, "sudoers", {st_mode=S_IFREG|0440, st_size=1800, ...}, AT_SYMLINK_NOFOLLOW) = 0
newfstatat(8, "subgid-", {st_mode=S_IFREG|0644, st_size=0, ...}, AT_SYMLINK_NOFOLLOW) = 0
newfstatat(8, "overlayroot.local.conf", {st_mode=S_IFREG|0644, st_size=112, ...}, AT_SYMLINK_NOFOLLOW) = 0
newfstatat(8, "rsyslog.conf", {st_mode=S_IFREG|0644, st_size=1213, ...}, AT_SYMLINK_NOFOLLOW) = 0
newfstatat(8, "credstore.encrypted", {st_mode=S_IFDIR|0700, st_size=4096, ...}, AT_SYMLINK_NOFOLLOW) = 0
newfstatat(8, "pam.d", {st_mode=S_IFDIR|0755, st_size=4096, ...}, AT_SYMLINK_NOFOLLOW) = 0
newfstatat(8, "grub.d", {st_mode=S_IFDIR|0755, st_size=4096, ...}, AT_SYMLINK_NOFOLLOW) = 0
newfstatat(8, "update-notifier", {st_mode=S_IFDIR|0755, st_size=4096, ...}, AT_SYMLINK_NOFOLLOW) = 0
newfstatat(8, "cron.weekly", {st_mode=S_IFDIR|0755, st_size=4096, ...}, AT_SYMLINK_NOFOLLOW) = 0
newfstatat(8, "byobu", {st_mode=S_IFDIR|0755, st_size=4096, ...}, AT_SYMLINK_NOFOLLOW) = 0
newfstatat(8, "ca-certificates", {st_mode=S_IFDIR|0755, st_size=4096, ...}, AT_SYMLINK_NOFOLLOW) = 0
newfstatat(8, "machine-id", {st_mode=S_IFREG|0444, st_size=33, ...}, AT_SYMLINK_NOFOLLOW) = 0
newfstatat(8, "resolv.conf", {st_mode=S_IFLNK|0777, st_size=39, ...}, AT_SYMLINK_NOFOLLOW) = 0
readlinkat(5, "//etc/resolv.conf", "../run/systemd/resolve/stub-reso"..., 4096) = 39
newfstatat(8, "logrotate.conf", {st_mode=S_IFREG|0644, st_size=586, ...}, AT_SYMLINK_NOFOLLOW) = 0
newfstatat(8, "tmpfiles.d", {st_mode=S_IFDIR|0755, st_size=4096, ...}, AT_SYMLINK_NOFOLLOW) = 0
newfstatat(8, "vconsole.conf", {st_mode=S_IFLNK|0777, st_size=16, ...}, AT_SYMLINK_NOFOLLOW) = 0
readlinkat(5, "//etc/vconsole.conf", "default/keyboard", 4096) = 16
newfstatat(8, "apparmor.d", {st_mode=S_IFDIR|0755, st_size=4096, ...}, AT_SYMLINK_NOFOLLOW) = 0
newfstatat(8, "pm", {st_mode=S_IFDIR|0755, st_size=4096, ...}, AT_SYMLINK_NOFOLLOW) = 0
newfstatat(8, "rc3.d", {st_mode=S_IFDIR|0755, st_size=4096, ...}, AT_SYMLINK_NOFOLLOW) = 0
newfstatat(8, "bash_completion", {st_mode=S_IFREG|0644, st_size=45, ...}, AT_SYMLINK_NOFOLLOW) = 0
newfstatat(8, "rpc", {st_mode=S_IFREG|0644, st_size=911, ...}, AT_SYMLINK_NOFOLLOW) = 0
newfstatat(8, "network", {st_mode=S_IFDIR|0755, st_size=4096, ...}, AT_SYMLINK_NOFOLLOW) = 0
newfstatat(8, "networks", {st_mode=S_IFREG|0644, st_size=91, ...}, AT_SYMLINK_NOFOLLOW) = 0
newfstatat(8, "zsh_command_not_found", {st_mode=S_IFREG|0644, st_size=460, ...}, AT_SYMLINK_NOFOLLOW) = 0
newfstatat(8, "debconf.conf", {st_mode=S_IFREG|0644, st_size=2967, ...}, AT_SYMLINK_NOFOLLOW) = 0
newfstatat(8, "gshadow-", {st_mode=S_IFREG|0640, st_size=658, ...}, AT_SYMLINK_NOFOLLOW) = 0
newfstatat(8, "mdadm", {st_mode=S_IFDIR|0755, st_size=4096, ...}, AT_SYMLINK_NOFOLLOW) = 0
newfstatat(8, "cron.yearly", {st_mode=S_IFDIR|0755, st_size=4096, ...}, AT_SYMLINK_NOFOLLOW) = 0
newfstatat(8, "rc6.d", {st_mode=S_IFDIR|0755, st_size=4096, ...}, AT_SYMLINK_NOFOLLOW) = 0
newfstatat(8, "rmt", {st_mode=S_IFLNK|0777, st_size=13, ...}, AT_SYMLINK_NOFOLLOW) = 0
readlinkat(5, "//etc/rmt", "/usr/sbin/rmt", 4096) = 13
newfstatat(8, "bindresvport.blacklist", {st_mode=S_IFREG|0644, st_size=367, ...}, AT_SYMLINK_NOFOLLOW) = 0
newfstatat(8, "gnutls", {st_mode=S_IFDIR|0755, st_size=4096, ...}, AT_SYMLINK_NOFOLLOW) = 0
newfstatat(8, "magic", {st_mode=S_IFREG|0644, st_size=111, ...}, AT_SYMLINK_NOFOLLOW) = 0
newfstatat(8, "issue", {st_mode=S_IFREG|0644, st_size=26, ...}, AT_SYMLINK_NOFOLLOW) = 0
newfstatat(8, "dhcp", {st_mode=S_IFDIR|0755, st_size=4096, ...}, AT_SYMLINK_NOFOLLOW) = 0
newfstatat(8, "ldap", {st_mode=S_IFDIR|0755, st_size=4096, ...}, AT_SYMLINK_NOFOLLOW) = 0
newfstatat(8, "inputrc", {st_mode=S_IFREG|0644, st_size=1875, ...}, AT_SYMLINK_NOFOLLOW) = 0
newfstatat(8, "shadow", {st_mode=S_IFREG|0640, st_size=914, ...}, AT_SYMLINK_NOFOLLOW) = 0
newfstatat(8, "sudoers.d", {st_mode=S_IFDIR|0750, st_size=4096, ...}, AT_SYMLINK_NOFOLLOW) = 0
getdents64(8, 0x300ffffbad18 /* 13 entries */, 2048) = 440
newfstatat(8, ".resolv.conf.systemd-resolved.bak", {st_mode=S_IFREG|0644, st_size=862, ...}, AT_SYMLINK_NOFOLLOW) = 0
newfstatat(8, "libnl-3", {st_mode=S_IFDIR|0755, st_size=4096, ...}, AT_SYMLINK_NOFOLLOW) = 0
newfstatat(8, "libblockdev", {st_mode=S_IFDIR|0755, st_size=4096, ...}, AT_SYMLINK_NOFOLLOW) = 0
newfstatat(8, "landscape", {st_mode=S_IFDIR|0775, st_size=4096, ...}, AT_SYMLINK_NOFOLLOW) = 0
newfstatat(8, "fwupd", {st_mode=S_IFDIR|0755, st_size=4096, ...}, AT_SYMLINK_NOFOLLOW) = 0
newfstatat(8, "ubuntu-advantage", {st_mode=S_IFDIR|0755, st_size=4096, ...}, AT_SYMLINK_NOFOLLOW) = 0
newfstatat(8, "locale.gen", {st_mode=S_IFREG|0644, st_size=9563, ...}, AT_SYMLINK_NOFOLLOW) = 0
newfstatat(8, "group-", {st_mode=S_IFREG|0644, st_size=783, ...}, AT_SYMLINK_NOFOLLOW) = 0
newfstatat(8, "xattr.conf", {st_mode=S_IFREG|0644, st_size=681, ...}, AT_SYMLINK_NOFOLLOW) = 0
newfstatat(8, "logrotate.d", {st_mode=S_IFDIR|0755, st_size=4096, ...}, AT_SYMLINK_NOFOLLOW) = 0
newfstatat(8, "sgml", {st_mode=S_IFDIR|0755, st_size=4096, ...}, AT_SYMLINK_NOFOLLOW) = 0
newfstatat(8, "services", {st_mode=S_IFREG|0644, st_size=12813, ...}, AT_SYMLINK_NOFOLLOW) = 0
newfstatat(8, "gai.conf", {st_mode=S_IFREG|0644, st_size=2584, ...}, AT_SYMLINK_NOFOLLOW) = 0
getdents64(8, 0x300ffffbad18 /* 0 entries */, 2048) = 0
close(8)                                = 0
openat(5, "//home/ubuntu/artifact/glibc/libc.so.6", O_RDONLY|O_CLOEXEC) = 8
pread64(8, "\177ELF\2\1\1\3\0\0\0\0\0\0\0\0\3\0>\0\1\0\0\0\200@\2\0\0\0\0\0"..., 832, 0) = 832
pread64(8, "\6\0\0\0\4\0\0\0@\0\0\0\0\0\0\0@\0\0\0\0\0\0\0@\0\0\0\0\0\0\0"..., 784, 64) = 784
mmap(0x300fffeba000, 8192, PROT_READ|PROT_WRITE, MAP_PRIVATE|MAP_FIXED|MAP_ANONYMOUS, -1, 0) = 0x300fffeba000
pread64(8, "\6\0\0\0\4\0\0\0@\0\0\0\0\0\0\0@\0\0\0\0\0\0\0@\0\0\0\0\0\0\0"..., 784, 64) = 784
mmap(0x300fffc59000, 2494464, PROT_READ, MAP_PRIVATE|MAP_FIXED|MAP_DENYWRITE, 8, 0) = 0x300fffc59000
mmap(0x300fffc7b000, 1531904, PROT_READ|PROT_EXEC, MAP_PRIVATE|MAP_FIXED|MAP_DENYWRITE, 8, 0x22000) = 0x300fffc7b000
mmap(0x300fffdf1000, 356352, PROT_READ, MAP_PRIVATE|MAP_FIXED|MAP_DENYWRITE, 8, 0x198000) = 0x300fffdf1000
mmap(0x300fffe48000, 413696, PROT_READ|PROT_WRITE, MAP_PRIVATE|MAP_FIXED|MAP_DENYWRITE, 8, 0x1ef000) = 0x300fffe48000
mmap(0x300fffead000, 53248, PROT_READ|PROT_WRITE, MAP_PRIVATE|MAP_FIXED|MAP_ANONYMOUS, -1, 0) = 0x300fffead000
mmap(0x300fffc56000, 12288, PROT_READ|PROT_WRITE, MAP_PRIVATE|MAP_FIXED|MAP_ANONYMOUS, -1, 0) = 0x300fffc56000
writev(1, [{iov_base="[  0.141633] CPU 02| <2> Unsuppo"..., iov_len=69}], 1) = 69
writev(1, [{iov_base="[  0.141700] CPU 02| <2> Unsuppo"..., iov_len=58}], 1) = 58
mprotect(0x300fffe48000, 405504, PROT_READ) = 0
mprotect(0x300ffffc4000, 4096, PROT_READ) = 0
mprotect(0x300fffffc000, 8192, PROT_READ) = 0
mmap(0x300000000000, 135168, PROT_READ|PROT_WRITE, MAP_PRIVATE|MAP_FIXED|MAP_ANONYMOUS, -1, 0) = 0x300000000000
writev(1, [{iov_base="123\n", iov_len=4}], 1) = 4
exit_group(0)                           = ?
+++ exited with 0 +++
